ID_Faixa,Ano,Mês,Plataforma,Streams_Milhares
TR001,2024,12,Spotify,108
TR001,2025,01,Spotify,112
TR001,2025,02,Spotify,98
TR001,2025,03,Spotify,105
TR001,2025,04,Spotify,100
TR001,2025,05,Spotify,103
TR001,2025,06,Spotify,115
TR001,2025,07,Spotify,120
TR001,2025,08,Spotify,118
TR001,2025,09,Spotify,110
TR001,2025,10,Spotify,105
TR001,2025,11,Spotify,109
TR002,2024,12,Spotify,85
TR002,2025,01,Spotify,88
TR002,2025,02,Spotify,79
TR002,2025,03,Spotify,82
TR002,2025,04,Spotify,80
TR002,2025,05,Spotify,81
TR002,2025,06,Spotify,90
TR002,2025,07,Spotify,93
TR002,2025,08,Spotify,91
TR002,2025,09,Spotify,88
TR002,2025,10,Spotify,85
TR002,2025,11,Spotify,89
TR003,2024,12,Spotify,3100
TR003,2025,01,Spotify,3250
TR003,2025,02,Spotify,2980
TR003,2025,03,Spotify,3050
TR003,2025,04,Spotify,3150
TR003,2025,05,Spotify,3000
TR003,2025,06,Spotify,3300
TR003,2025,07,Spotify,3400
TR003,2025,08,Spotify,3350
TR003,2025,09,Spotify,3200
TR003,2025,10,Spotify,3150
TR003,2025,11,Spotify,3280
TR004,2024,12,Spotify,2800
TR004,2025,01,Spotify,2950
TR004,2025,02,Spotify,2700
TR004,2025,03,Spotify,2850
TR004,2025,04,Spotify,2900
TR004,2025,05,Spotify,2800
TR004,2025,06,Spotify,3100
TR004,2025,07,Spotify,3200
TR004,2025,08,Spotify,3150
TR004,2025,09,Spotify,2950
TR004,2025,10,Spotify,2900
TR004,2025,11,Spotify,3050
TR005,2024,12,Spotify,180
TR005,2025,01,Spotify,185
TR005,2025,02,Spotify,165
TR005,2025,03,Spotify,175
TR005,2025,04,Spotify,170
TR005,2025,05,Spotify,178
TR005,2025,06,Spotify,190
TR005,2025,07,Spotify,195
TR005,2025,08,Spotify,192
TR005,2025,09,Spotify,188
TR005,2025,10,Spotify,182
TR005,2025,11,Spotify,195
TR006,2024,12,Spotify,155
TR006,2025,01,Spotify,160
TR006,2025,02,Spotify,145
TR006,2025,03,Spotify,150
TR006,2025,04,Spotify,158
TR006,2025,05,Spotify,162
TR006,2025,06,Spotify,170
TR006,2025,07,Spotify,175
TR006,2025,08,Spotify,172
TR006,2025,09,Spotify,165
TR006,2025,10,Spotify,160
TR006,2025,11,Spotify,168
TR007,2024,12,Spotify,420
TR007,2025,01,Spotify,435
TR007,2025,02,Spotify,400
TR007,2025,03,Spotify,410
TR007,2025,04,Spotify,425
TR007,2025,05,Spotify,415
TR007,2025,06,Spotify,440
TR007,2025,07,Spotify,450
TR007,2025,08,Spotify,445
TR007,2025,09,Spotify,430
TR007,2025,10,Spotify,425
TR007,2025,11,Spotify,440
TR008,2024,12,Spotify,390
TR008,2025,01,Spotify,405
TR008,2025,02,Spotify,375
TR008,2025,03,Spotify,385
TR008,2025,04,Spotify,395
TR008,2025,05,Spotify,388
TR008,2025,06,Spotify,410
TR008,2025,07,Spotify,420
TR008,2025,08,Spotify,415
TR008,2025,09,Spotify,400
TR008,2025,10,Spotify,395
TR008,2025,11,Spotify,410
TR009,2024,12,Spotify,250
TR009,2025,01,Spotify,258
TR009,2025,02,Spotify,235
TR009,2025,03,Spotify,245
TR009,2025,04,Spotify,255
TR009,2025,05,Spotify,248
TR009,2025,06,Spotify,270
TR009,2025,07,Spotify,275
TR009,2025,08,Spotify,270
TR009,2025,09,Spotify,260
TR009,2025,10,Spotify,255
TR009,2025,11,Spotify,265
TR010,2024,12,Spotify,580
TR010,2025,01,Spotify,600
TR010,2025,02,Spotify,550
TR010,2025,03,Spotify,570
TR010,2025,04,Spotify,590
TR010,2025,05,Spotify,585
TR010,2025,06,Spotify,610
TR010,2025,07,Spotify,620
TR010,2025,08,Spotify,615
TR010,2025,09,Spotify,595
TR010,2025,10,Spotify,590
TR010,2025,11,Spotify,605
TR011,2024,12,Spotify,680
TR011,2025,01,Spotify,700
TR011,2025,02,Spotify,650
TR011,2025,03,Spotify,670
TR011,2025,04,Spotify,690
TR011,2025,05,Spotify,685
TR011,2025,06,Spotify,710
TR011,2025,07,Spotify,720
TR011,2025,08,Spotify,715
TR011,2025,09,Spotify,695
TR011,2025,10,Spotify,690
TR011,2025,11,Spotify,705
TR012,2024,12,Spotify,4500
TR012,2025,01,Spotify,4700
TR012,2025,02,Spotify,4300
TR012,2025,03,Spotify,4600
TR012,2025,04,Spotify,4800
TR012,2025,05,Spotify,4650
TR012,2025,06,Spotify,5000
TR012,2025,07,Spotify,5200
TR012,2025,08,Spotify,5100
TR012,2025,09,Spotify,4800
TR012,2025,10,Spotify,4750
TR012,2025,11,Spotify,4900
TR013,2024,12,Spotify,3900
TR013,2025,01,Spotify,4050
TR013,2025,02,Spotify,3750
TR013,2025,03,Spotify,3950
TR013,2025,04,Spotify,4100
TR013,2025,05,Spotify,3980
TR013,2025,06,Spotify,4300
TR013,2025,07,Spotify,4400
TR013,2025,08,Spotify,4350
TR013,2025,09,Spotify,4100
TR013,2025,10,Spotify,4050
TR013,2025,11,Spotify,4200
TR014,2024,12,Spotify,800
TR014,2025,01,Spotify,820
TR014,2025,02,Spotify,760
TR014,2025,03,Spotify,790
TR014,2025,04,Spotify,810
TR014,2025,05,Spotify,780
TR014,2025,06,Spotify,850
TR014,2025,07,Spotify,880
TR014,2025,08,Spotify,860
TR014,2025,09,Spotify,820
TR014,2025,10,Spotify,800
TR014,2025,11,Spotify,840
TR015,2024,12,Spotify,7200
TR015,2025,01,Spotify,7500
TR015,2025,02,Spotify,6900
TR015,2025,03,Spotify,7100
TR015,2025,04,Spotify,7400
TR015,2025,05,Spotify,7150
TR015,2025,06,Spotify,7800
TR015,2025,07,Spotify,8000
TR015,2025,08,Spotify,7900
TR015,2025,09,Spotify,7500
TR015,2025,10,Spotify,7400
TR015,2025,11,Spotify,7650
TR016,2024,12,Spotify,5500
TR016,2025,01,Spotify,5750
TR016,2025,02,Spotify,5200
TR016,2025,03,Spotify,5400
TR016,2025,04,Spotify,5600
TR016,2025,05,Spotify,5450
TR016,2025,06,Spotify,6000
TR016,2025,07,Spotify,6200
TR016,2025,08,Spotify,6100
TR016,2025,09,Spotify,5700
TR016,2025,10,Spotify,5600
TR016,2025,11,Spotify,5850
TR017,2024,12,Spotify,3000
TR017,2025,01,Spotify,3150
TR017,2025,02,Spotify,2850
TR017,2025,03,Spotify,3050
TR017,2025,04,Spotify,3200
TR017,2025,05,Spotify,3080
TR017,2025,06,Spotify,3400
TR017,2025,07,Spotify,3500
TR017,2025,08,Spotify,3450
TR017,2025,09,Spotify,3250
TR017,2025,10,Spotify,3150
TR017,2025,11,Spotify,3300
TR018,2024,12,Spotify,4200
TR018,2025,01,Spotify,4400
TR018,2025,02,Spotify,4000
TR018,2025,03,Spotify,4250
TR018,2025,04,Spotify,4500
TR018,2025,05,Spotify,4300
TR018,2025,06,Spotify,4700
TR018,2025,07,Spotify,4800
TR018,2025,08,Spotify,4750
TR018,2025,09,Spotify,4500
TR018,2025,10,Spotify,4400
TR018,2025,11,Spotify,4600
TR019,2024,12,Spotify,300
TR019,2025,01,Spotify,310
TR019,2025,02,Spotify,280
TR019,2025,03,Spotify,290
TR019,2025,04,Spotify,305
TR019,2025,05,Spotify,295
TR019,2025,06,Spotify,320
TR019,2025,07,Spotify,330
TR019,2025,08,Spotify,325
TR019,2025,09,Spotify,310
TR019,2025,10,Spotify,305
TR019,2025,11,Spotify,315
TR020,2024,12,Spotify,250
TR020,2025,01,Spotify,260
TR020,2025,02,Spotify,235
TR020,2025,03,Spotify,245
TR020,2025,04,Spotify,255
TR020,2025,05,Spotify,248
TR020,2025,06,Spotify,270
TR020,2025,07,Spotify,275
TR020,2025,08,Spotify,272
TR020,2025,09,Spotify,260
TR020,2025,10,Spotify,255
TR020,2025,11,Spotify,265
TR021,2024,12,Spotify,450
TR021,2025,01,Spotify,470
TR021,2025,02,Spotify,420
TR021,2025,03,Spotify,440
TR021,2025,04,Spotify,460
TR021,2025,05,Spotify,455
TR021,2025,06,Spotify,480
TR021,2025,07,Spotify,490
TR021,2025,08,Spotify,485
TR021,2025,09,Spotify,460
TR021,2025,10,Spotify,455
TR021,2025,11,Spotify,475
TR022,2024,12,Spotify,6500
TR022,2025,01,Spotify,6800
TR022,2025,02,Spotify,6200
TR022,2025,03,Spotify,6400
TR022,2025,04,Spotify,6700
TR022,2025,05,Spotify,6550
TR022,2025,06,Spotify,7000
TR022,2025,07,Spotify,7200
TR022,2025,08,Spotify,7100
TR022,2025,09,Spotify,6800
TR022,2025,10,Spotify,6700
TR022,2025,11,Spotify,6950
TR023,2024,12,Spotify,2100
TR023,2025,01,Spotify,2200
TR023,2025,02,Spotify,2000
TR023,2025,03,Spotify,2150
TR023,2025,04,Spotify,2300
TR023,2025,05,Spotify,2180
TR023,2025,06,Spotify,2400
TR023,2025,07,Spotify,2500
TR023,2025,08,Spotify,2450
TR023,2025,09,Spotify,2250
TR023,2025,10,Spotify,2200
TR023,2025,11,Spotify,2350
TR024,2024,12,Spotify,180
TR024,2025,01,Spotify,185
TR024,2025,02,Spotify,165
TR024,2025,03,Spotify,175
TR024,2025,04,Spotify,182
TR024,2025,05,Spotify,178
TR024,2025,06,Spotify,190
TR024,2025,07,Spotify,195
TR024,2025,08,Spotify,192
TR024,2025,09,Spotify,188
TR024,2025,10,Spotify,182
TR024,2025,11,Spotify,195
TR025,2024,12,Spotify,150
TR025,2025,01,Spotify,155
TR025,2025,02,Spotify,135
TR025,2025,03,Spotify,145
TR025,2025,04,Spotify,152
TR025,2025,05,Spotify,148
TR025,2025,06,Spotify,160
TR025,2025,07,Spotify,165
TR025,2025,08,Spotify,162
TR025,2025,09,Spotify,158
TR025,2025,10,Spotify,152
TR025,2025,11,Spotify,165
TR026,2024,12,Spotify,3800
TR026,2025,01,Spotify,3950
TR026,2025,02,Spotify,3600
TR026,2025,03,Spotify,3750
TR026,2025,04,Spotify,3900
TR026,2025,05,Spotify,3850
TR026,2025,06,Spotify,4100
TR026,2025,07,Spotify,4200
TR026,2025,08,Spotify,4150
TR026,2025,09,Spotify,3950
TR026,2025,10,Spotify,3900
TR026,2025,11,Spotify,4050
TR027,2024,12,Spotify,3500
TR027,2025,01,Spotify,3650
TR027,2025,02,Spotify,3300
TR027,2025,03,Spotify,3450
TR027,2025,04,Spotify,3600
TR027,2025,05,Spotify,3550
TR027,2025,06,Spotify,3800
TR027,2025,07,Spotify,3900
TR027,2025,08,Spotify,3850
TR027,2025,09,Spotify,3650
TR027,2025,10,Spotify,3600
TR027,2025,11,Spotify,3750
TR028,2024,12,Spotify,4800
TR028,2025,01,Spotify,5000
TR028,2025,02,Spotify,4500
TR028,2025,03,Spotify,4700
TR028,2025,04,Spotify,4900
TR028,2025,05,Spotify,4750
TR028,2025,06,Spotify,5200
TR028,2025,07,Spotify,5400
TR028,2025,08,Spotify,5300
TR028,2025,09,Spotify,4900
TR028,2025,10,Spotify,4850
TR028,2025,11,Spotify,5100
TR029,2024,12,Spotify,3500
TR029,2025,01,Spotify,3650
TR029,2025,02,Spotify,3300
TR029,2025,03,Spotify,3450
TR029,2025,04,Spotify,3600
TR029,2025,05,Spotify,3550
TR029,2025,06,Spotify,3800
TR029,2025,07,Spotify,3900
TR029,2025,08,Spotify,3850
TR029,2025,09,Spotify,3650
TR029,2025,10,Spotify,3600
TR029,2025,11,Spotify,3750
TR030,2024,12,Spotify,2000
TR030,2025,01,Spotify,2100
TR030,2025,02,Spotify,1900
TR030,2025,03,Spotify,2050
TR030,2025,04,Spotify,2200
TR030,2025,05,Spotify,2080
TR030,2025,06,Spotify,2300
TR030,2025,07,Spotify,2400
TR030,2025,08,Spotify,2350
TR030,2025,09,Spotify,2150
TR030,2025,10,Spotify,2100
TR030,2025,11,Spotify,2250
TR031,2024,12,Spotify,950
TR031,2025,01,Spotify,1000
TR031,2025,02,Spotify,900
TR031,2025,03,Spotify,950
TR031,2025,04,Spotify,1000
TR031,2025,05,Spotify,980
TR031,2025,06,Spotify,1050
TR031,2025,07,Spotify,1100
TR031,2025,08,Spotify,1080
TR031,2025,09,Spotify,1000
TR031,2025,10,Spotify,980
TR031,2025,11,Spotify,1030
TR032,2024,12,Spotify,200
TR032,2025,01,Spotify,210
TR032,2025,02,Spotify,180
TR032,2025,03,Spotify,190
TR032,2025,04,Spotify,205
TR032,2025,05,Spotify,195
TR032,2025,06,Spotify,220
TR032,2025,07,Spotify,230
TR032,2025,08,Spotify,225
TR032,2025,09,Spotify,205
TR032,2025,10,Spotify,200
TR032,2025,11,Spotify,215
TR033,2024,12,Spotify,180
TR033,2025,01,Spotify,190
TR033,2025,02,Spotify,170
TR033,2025,03,Spotify,185
TR033,2025,04,Spotify,200
TR033,2025,05,Spotify,190
TR033,2025,06,Spotify,210
TR033,2025,07,Spotify,220
TR033,2025,08,Spotify,215
TR033,2025,09,Spotify,195
TR033,2025,10,Spotify,190
TR033,2025,11,Spotify,205
TR034,2024,12,Spotify,3800
TR034,2025,01,Spotify,3950
TR034,2025,02,Spotify,3600
TR034,2025,03,Spotify,3750
TR034,2025,04,Spotify,3900
TR034,2025,05,Spotify,3850
TR034,2025,06,Spotify,4100
TR034,2025,07,Spotify,4200
TR034,2025,08,Spotify,4150
TR034,2025,09,Spotify,3950
TR034,2025,10,Spotify,3900
TR034,2025,11,Spotify,4050
TR035,2024,12,Spotify,3500
TR035,2025,01,Spotify,3650
TR035,2025,02,Spotify,3300
TR035,2025,03,Spotify,3450
TR035,2025,04,Spotify,3600
TR035,2025,05,Spotify,3550
TR035,2025,06,Spotify,3800
TR035,2025,07,Spotify,3900
TR035,2025,08,Spotify,3850
TR035,2025,09,Spotify,3650
TR035,2025,10,Spotify,3600
TR035,2025,11,Spotify,3750
TR036,2024,12,Spotify,1500
TR036,2025,01,Spotify,1550
TR036,2025,02,Spotify,1400
TR036,2025,03,Spotify,1450
TR036,2025,04,Spotify,1520
TR036,2025,05,Spotify,1480
TR036,2025,06,Spotify,1600
TR036,2025,07,Spotify,1650
TR036,2025,08,Spotify,1620
TR036,2025,09,Spotify,1580
TR036,2025,10,Spotify,1520
TR036,2025,11,Spotify,1650
TR037,2024,12,Spotify,9500
TR037,2025,01,Spotify,9800
TR037,2025,02,Spotify,9000
TR037,2025,03,Spotify,9300
TR037,2025,04,Spotify,9600
TR037,2025,05,Spotify,9450
TR037,2025,06,Spotify,10000
TR037,2025,07,Spotify,10200
TR037,2025,08,Spotify,10100
TR037,2025,09,Spotify,9700
TR037,2025,10,Spotify,9600
TR037,2025,11,Spotify,9900
TR038,2024,12,Spotify,8800
TR038,2025,01,Spotify,9100
TR038,2025,02,Spotify,8500
TR038,2025,03,Spotify,8700
TR038,2025,04,Spotify,9000
TR038,2025,05,Spotify,8850
TR038,2025,06,Spotify,9400
TR038,2025,07,Spotify,9600
TR038,2025,08,Spotify,9500
TR038,2025,09,Spotify,9100
TR038,2025,10,Spotify,9000
TR038,2025,11,Spotify,9300
TR039,2024,12,Spotify,2000
TR039,2025,01,Spotify,2100
TR039,2025,02,Spotify,1900
TR039,2025,03,Spotify,2050
TR039,2025,04,Spotify,2200
TR039,2025,05,Spotify,2080
TR039,2025,06,Spotify,2300
TR039,2025,07,Spotify,2400
TR039,2025,08,Spotify,2350
TR039,2025,09,Spotify,2150
TR039,2025,10,Spotify,2100
TR039,2025,11,Spotify,2250
TR040,2024,12,Spotify,1800
TR040,2025,01,Spotify,1900
TR040,2025,02,Spotify,1700
TR040,2025,03,Spotify,1850
TR040,2025,04,Spotify,2000
TR040,2025,05,Spotify,1900
TR040,2025,06,Spotify,2100
TR040,2025,07,Spotify,2200
TR040,2025,08,Spotify,2150
TR040,2025,09,Spotify,1950
TR040,2025,10,Spotify,1900
TR040,2025,11,Spotify,2050
TR041,2024,12,Spotify,10500
TR041,2025,01,Spotify,10800
TR041,2025,02,Spotify,9900
TR041,2025,03,Spotify,10300
TR041,2025,04,Spotify,10600
TR041,2025,05,Spotify,10400
TR041,2025,06,Spotify,11000
TR041,2025,07,Spotify,11300
TR041,2025,08,Spotify,11200
TR041,2025,09,Spotify,10800
TR041,2025,10,Spotify,10700
TR041,2025,11,Spotify,11000
TR042,2024,12,Spotify,12500
TR042,2025,01,Spotify,13000
TR042,2025,02,Spotify,11800
TR042,2025,03,Spotify,12300
TR042,2025,04,Spotify,12800
TR042,2025,05,Spotify,12500
TR042,2025,06,Spotify,13500
TR042,2025,07,Spotify,14000
TR042,2025,08,Spotify,13800
TR042,2025,09,Spotify,13000
TR042,2025,10,Spotify,12800
TR042,2025,11,Spotify,13300
TR043,2024,12,Spotify,15000
TR043,2025,01,Spotify,16000
TR043,2025,02,Spotify,14500
TR043,2025,03,Spotify,15500
TR043,2025,04,Spotify,16500
TR043,2025,05,Spotify,16000
TR043,2025,06,Spotify,17500
TR043,2025,07,Spotify,18000
TR043,2025,08,Spotify,17800
TR043,2025,09,Spotify,16500
TR043,2025,10,Spotify,16000
TR043,2025,11,Spotify,17000
TR044,2024,12,Spotify,12000
TR044,2025,01,Spotify,12500
TR044,2025,02,Spotify,11500
TR044,2025,03,Spotify,12000
TR044,2025,04,Spotify,12500
TR044,2025,05,Spotify,12200
TR044,2025,06,Spotify,13000
TR044,2025,07,Spotify,13500
TR044,2025,08,Spotify,13300
TR044,2025,09,Spotify,12500
TR044,2025,10,Spotify,12300
TR044,2025,11,Spotify,12800
TR045,2024,12,Spotify,2000
TR045,2025,01,Spotify,2100
TR045,2025,02,Spotify,1900
TR045,2025,03,Spotify,2050
TR045,2025,04,Spotify,2200
TR045,2025,05,Spotify,2080
TR045,2025,06,Spotify,2300
TR045,2025,07,Spotify,2400
TR045,2025,08,Spotify,2350
TR045,2025,09,Spotify,2150
TR045,2025,10,Spotify,2100
TR045,2025,11,Spotify,2250
TR046,2024,12,Spotify,1800
TR046,2025,01,Spotify,1900
TR046,2025,02,Spotify,1700
TR046,2025,03,Spotify,1850
TR046,2025,04,Spotify,2000
TR046,2025,05,Spotify,1900
TR046,2025,06,Spotify,2100
TR046,2025,07,Spotify,2200
TR046,2025,08,Spotify,2150
TR046,2025,09,Spotify,1950
TR046,2025,10,Spotify,1900
TR046,2025,11,Spotify,2050
TR047,2024,12,Spotify,3000
TR047,2025,01,Spotify,3150
TR047,2025,02,Spotify,2850
TR047,2025,03,Spotify,3050
TR047,2025,04,Spotify,3200
TR047,2025,05,Spotify,3080
TR047,2025,06,Spotify,3400
TR047,2025,07,Spotify,3500
TR047,2025,08,Spotify,3450
TR047,2025,09,Spotify,3250
TR047,2025,10,Spotify,3150
TR047,2025,11,Spotify,3300
TR048,2024,12,Spotify,2500
TR048,2025,01,Spotify,2600
TR048,2025,02,Spotify,2350
TR048,2025,03,Spotify,2450
TR048,2025,04,Spotify,2550
TR048,2025,05,Spotify,2480
TR048,2025,06,Spotify,2700
TR048,2025,07,Spotify,2750
TR048,2025,08,Spotify,2720
TR048,2025,09,Spotify,2600
TR048,2025,10,Spotify,2550
TR048,2025,11,Spotify,2650
TR049,2024,12,Spotify,1500
TR049,2025,01,Spotify,1550
TR049,2025,02,Spotify,1400
TR049,2025,03,Spotify,1450
TR049,2025,04,Spotify,1520
TR049,2025,05,Spotify,1480
TR049,2025,06,Spotify,1600
TR049,2025,07,Spotify,1650
TR049,2025,08,Spotify,1620
TR049,2025,09,Spotify,1580
TR049,2025,10,Spotify,1520
TR049,2025,11,Spotify,1650
TR050,2024,12,Spotify,80
TR050,2025,01,Spotify,82
TR050,2025,02,Spotify,75
TR050,2025,03,Spotify,78
TR050,2025,04,Spotify,81
TR050,2025,05,Spotify,79
TR050,2025,06,Spotify,85
TR050,2025,07,Spotify,88
TR050,2025,08,Spotify,86
TR050,2025,09,Spotify,83
TR050,2025,10,Spotify,80
TR050,2025,11,Spotify,85
TR051,2024,12,Spotify,55
TR051,2025,01,Spotify,58
TR051,2025,02,Spotify,50
TR051,2025,03,Spotify,53
TR051,2025,04,Spotify,56
TR051,2025,05,Spotify,54
TR051,2025,06,Spotify,60
TR051,2025,07,Spotify,62
TR051,2025,08,Spotify,61
TR051,2025,09,Spotify,57
TR051,2025,10,Spotify,55
TR051,2025,11,Spotify,59
TR052,2024,12,Spotify,6000
TR052,2025,01,Spotify,6200
TR052,2025,02,Spotify,5700
TR052,2025,03,Spotify,5900
TR052,2025,04,Spotify,6100
TR052,2025,05,Spotify,5950
TR052,2025,06,Spotify,6400
TR052,2025,07,Spotify,6600
TR052,2025,08,Spotify,6500
TR052,2025,09,Spotify,6100
TR052,2025,10,Spotify,6000
TR052,2025,11,Spotify,6300
TR053,2024,12,Spotify,5500
TR053,2025,01,Spotify,5700
TR053,2025,02,Spotify,5200
TR053,2025,03,Spotify,5400
TR053,2025,04,Spotify,5600
TR053,2025,05,Spotify,5450
TR053,2025,06,Spotify,5900
TR053,2025,07,Spotify,6100
TR053,2025,08,Spotify,6000
TR053,2025,09,Spotify,5600
TR053,2025,10,Spotify,5500
TR053,2025,11,Spotify,5800
TR054,2024,12,Spotify,3000
TR054,2025,01,Spotify,3150
TR054,2025,02,Spotify,2850
TR054,2025,03,Spotify,3050
TR054,2025,04,Spotify,3200
TR054,2025,05,Spotify,3080
TR054,2025,06,Spotify,3400
TR054,2025,07,Spotify,3500
TR054,2025,08,Spotify,3450
TR054,2025,09,Spotify,3250
TR054,2025,10,Spotify,3150
TR054,2025,11,Spotify,3300
TR055,2024,12,Spotify,2800
TR055,2025,01,Spotify,2950
TR055,2025,02,Spotify,2650
TR055,2025,03,Spotify,2800
TR055,2025,04,Spotify,2950
TR055,2025,05,Spotify,2850
TR055,2025,06,Spotify,3100
TR055,2025,07,Spotify,3200
TR055,2025,08,Spotify,3150
TR055,2025,09,Spotify,2950
TR055,2025,10,Spotify,2900
TR055,2025,11,Spotify,3050
TR056,2024,12,Spotify,3200
TR056,2025,01,Spotify,3350
TR056,2025,02,Spotify,3050
TR056,2025,03,Spotify,3250
TR056,2025,04,Spotify,3400
TR056,2025,05,Spotify,3300
TR056,2025,06,Spotify,3600
TR056,2025,07,Spotify,3700
TR056,2025,08,Spotify,3650
TR056,2025,09,Spotify,3450
TR056,2025,10,Spotify,3350
TR056,2025,11,Spotify,3550
TR057,2024,12,Spotify,4000
TR057,2025,01,Spotify,4200
TR057,2025,02,Spotify,3800
TR057,2025,03,Spotify,4050
TR057,2025,04,Spotify,4300
TR057,2025,05,Spotify,4100
TR057,2025,06,Spotify,4500
TR057,2025,07,Spotify,4700
TR057,2025,08,Spotify,4600
TR057,2025,09,Spotify,4300
TR057,2025,10,Spotify,4200
TR057,2025,11,Spotify,4400
TR058,2024,12,Spotify,3500
TR058,2025,01,Spotify,3650
TR058,2025,02,Spotify,3300
TR058,2025,03,Spotify,3450
TR058,2025,04,Spotify,3600
TR058,2025,05,Spotify,3550
TR058,2025,06,Spotify,3800
TR058,2025,07,Spotify,3900
TR058,2025,08,Spotify,3850
TR058,2025,09,Spotify,3650
TR058,2025,10,Spotify,3600
TR058,2025,11,Spotify,3750
TR059,2024,12,Spotify,2500
TR059,2025,01,Spotify,2600
TR059,2025,02,Spotify,2350
TR059,2025,03,Spotify,2450
TR059,2025,04,Spotify,2550
TR059,2025,05,Spotify,2480
TR059,2025,06,Spotify,2700
TR059,2025,07,Spotify,2750
TR059,2025,08,Spotify,2720
TR059,2025,09,Spotify,2600
TR059,2025,10,Spotify,2550
TR059,2025,11,Spotify,2650
TR060,2024,12,Spotify,3200
TR060,2025,01,Spotify,3350
TR060,2025,02,Spotify,3050
TR060,2025,03,Spotify,3250
TR060,2025,04,Spotify,3400
TR060,2025,05,Spotify,3300
TR060,2025,06,Spotify,3600
TR060,2025,07,Spotify,3700
TR060,2025,08,Spotify,3650
TR060,2025,09,Spotify,3450
TR060,2025,10,Spotify,3350
TR060,2025,11,Spotify,3550
TR061,2024,12,Spotify,2000
TR061,2025,01,Spotify,2100
TR061,2025,02,Spotify,1900
TR061,2025,03,Spotify,2050
TR061,2025,04,Spotify,2200
TR061,2025,05,Spotify,2080
TR061,2025,06,Spotify,2300
TR061,2025,07,Spotify,2400
TR061,2025,08,Spotify,2350
TR061,2025,09,Spotify,2150
TR061,2025,10,Spotify,2100
TR061,2025,11,Spotify,2250
TR062,2024,12,Spotify,1500
TR062,2025,01,Spotify,1550
TR062,2025,02,Spotify,1400
TR062,2025,03,Spotify,1450
TR062,2025,04,Spotify,1520
TR062,2025,05,Spotify,1480
TR062,2025,06,Spotify,1600
TR062,2025,07,Spotify,1650
TR062,2025,08,Spotify,1620
TR062,2025,09,Spotify,1580
TR062,2025,10,Spotify,1520
TR062,2025,11,Spotify,1650
TR063,2024,12,Spotify,3800
TR063,2025,01,Spotify,3950
TR063,2025,02,Spotify,3600
TR063,2025,03,Spotify,3750
TR063,2025,04,Spotify,3900
TR063,2025,05,Spotify,3850
TR063,2025,06,Spotify,4100
TR063,2025,07,Spotify,4200
TR063,2025,08,Spotify,4150
TR063,2025,09,Spotify,3950
TR063,2025,10,Spotify,3900
TR063,2025,11,Spotify,4050
TR064,2024,12,Spotify,3500
TR064,2025,01,Spotify,3650
TR064,2025,02,Spotify,3300
TR064,2025,03,Spotify,3450
TR064,2025,04,Spotify,3600
TR064,2025,05,Spotify,3550
TR064,2025,06,Spotify,3800
TR064,2025,07,Spotify,3900
TR064,2025,08,Spotify,3850
TR064,2025,09,Spotify,3650
TR064,2025,10,Spotify,3600
TR064,2025,11,Spotify,3750
TR065,2024,12,Spotify,1800
TR065,2025,01,Spotify,1900
TR065,2025,02,Spotify,1700
TR065,2025,03,Spotify,1850
TR065,2025,04,Spotify,2000
TR065,2025,05,Spotify,1900
TR065,2025,06,Spotify,2100
TR065,2025,07,Spotify,2200
TR065,2025,08,Spotify,2150
TR065,2025,09,Spotify,1950
TR065,2025,10,Spotify,1900
TR065,2025,11,Spotify,2050
TR066,2024,12,Spotify,1500
TR066,2025,01,Spotify,1550
TR066,2025,02,Spotify,1400
TR066,2025,03,Spotify,1450
TR066,2025,04,Spotify,1520
TR066,2025,05,Spotify,1480
TR066,2025,06,Spotify,1600
TR066,2025,07,Spotify,1650
TR066,2025,08,Spotify,1620
TR066,2025,09,Spotify,1580
TR066,2025,10,Spotify,1520
TR066,2025,11,Spotify,1650
TR067,2024,12,Spotify,3000
TR067,2025,01,Spotify,3150
TR067,2025,02,Spotify,2850
TR067,2025,03,Spotify,3050
TR067,2025,04,Spotify,3200
TR067,2025,05,Spotify,3080
TR067,2025,06,Spotify,3400
TR067,2025,07,Spotify,3500
TR067,2025,08,Spotify,3450
TR067,2025,09,Spotify,3250
TR067,2025,10,Spotify,3150
TR067,2025,11,Spotify,3300
TR068,2024,12,Spotify,2500
TR068,2025,01,Spotify,2600
TR068,2025,02,Spotify,2350
TR068,2025,03,Spotify,2450
TR068,2025,04,Spotify,2550
TR068,2025,05,Spotify,2480
TR068,2025,06,Spotify,2700
TR068,2025,07,Spotify,2750
TR068,2025,08,Spotify,2720
TR068,2025,09,Spotify,2600
TR068,2025,10,Spotify,2550
TR068,2025,11,Spotify,2650
TR069,2024,12,Spotify,3800
TR069,2025,01,Spotify,3950
TR069,2025,02,Spotify,3600
TR069,2025,03,Spotify,3750
TR069,2025,04,Spotify,3900
TR069,2025,05,Spotify,3850
TR069,2025,06,Spotify,4100
TR069,2025,07,Spotify,4200
TR069,2025,08,Spotify,4150
TR069,2025,09,Spotify,3950
TR069,2025,10,Spotify,3900
TR069,2025,11,Spotify,4050
TR070,2024,12,Spotify,3500
TR070,2025,01,Spotify,3650
TR070,2025,02,Spotify,3300
TR070,2025,03,Spotify,3450
TR070,2025,04,Spotify,3600
TR070,2025,05,Spotify,3550
TR070,2025,06,Spotify,3800
TR070,2025,07,Spotify,3900
TR070,2025,08,Spotify,3850
TR070,2025,09,Spotify,3650
TR070,2025,10,Spotify,3600
TR070,2025,11,Spotify,3750
TR071,2024,12,Spotify,200
TR071,2025,01,Spotify,210
TR071,2025,02,Spotify,180
TR071,2025,03,Spotify,190
TR071,2025,04,Spotify,205
TR071,2025,05,Spotify,195
TR071,2025,06,Spotify,220
TR071,2025,07,Spotify,230
TR071,2025,08,Spotify,225
TR071,2025,09,Spotify,205
TR071,2025,10,Spotify,200
TR071,2025,11,Spotify,215
TR072,2024,12,Spotify,150
TR072,2025,01,Spotify,155
TR072,2025,02,Spotify,135
TR072,2025,03,Spotify,145
TR072,2025,04,Spotify,152
TR072,2025,05,Spotify,148
TR072,2025,06,Spotify,160
TR072,2025,07,Spotify,165
TR072,2025,08,Spotify,162
TR072,2025,09,Spotify,158
TR072,2025,10,Spotify,152
TR072,2025,11,Spotify,165
TR073,2024,12,Spotify,1800
TR073,2025,01,Spotify,1900
TR073,2025,02,Spotify,1700
TR073,2025,03,Spotify,1850
TR073,2025,04,Spotify,2000
TR073,2025,05,Spotify,1900
TR073,2025,06,Spotify,2100
TR073,2025,07,Spotify,2200
TR073,2025,08,Spotify,2150
TR073,2025,09,Spotify,1950
TR073,2025,10,Spotify,1900
TR073,2025,11,Spotify,2050
TR074,2024,12,Spotify,1500
TR074,2025,01,Spotify,1550
TR074,2025,02,Spotify,1400
TR074,2025,03,Spotify,1450
TR074,2025,04,Spotify,1520
TR074,2025,05,Spotify,1480
TR074,2025,06,Spotify,1600
TR074,2025,07,Spotify,1650
TR074,2025,08,Spotify,1620
TR074,2025,09,Spotify,1580
TR074,2025,10,Spotify,1520
TR074,2025,11,Spotify,1650
TR075,2024,12,Spotify,3000
TR075,2025,01,Spotify,3150
TR075,2025,02,Spotify,2850
TR075,2025,03,Spotify,3050
TR075,2025,04,Spotify,3200
TR075,2025,05,Spotify,3080
TR075,2025,06,Spotify,3400
TR075,2025,07,Spotify,3500
TR075,2025,08,Spotify,3450
TR075,2025,09,Spotify,3250
TR075,2025,10,Spotify,3150
TR075,2025,11,Spotify,3300
TR076,2024,12,Spotify,2500
TR076,2025,01,Spotify,2600
TR076,2025,02,Spotify,2350
TR076,2025,03,Spotify,2450
TR076,2025,04,Spotify,2550
TR076,2025,05,Spotify,2480
TR076,2025,06,Spotify,2700
TR076,2025,07,Spotify,2750
TR076,2025,08,Spotify,2720
TR076,2025,09,Spotify,2600
TR076,2025,10,Spotify,2550
TR076,2025,11,Spotify,2650
TR077,2024,12,Spotify,1800
TR077,2025,01,Spotify,1900
TR077,2025,02,Spotify,1700
TR077,2025,03,Spotify,1850
TR077,2025,04,Spotify,2000
TR077,2025,05,Spotify,1900
TR077,2025,06,Spotify,2100
TR077,2025,07,Spotify,2200
TR077,2025,08,Spotify,2150
TR077,2025,09,Spotify,1950
TR077,2025,10,Spotify,1900
TR077,2025,11,Spotify,2050
TR078,2024,12,Spotify,1500
TR078,2025,01,Spotify,1550
TR078,2025,02,Spotify,1400
TR078,2025,03,Spotify,1450
TR078,2025,04,Spotify,1520
TR078,2025,05,Spotify,1480
TR078,2025,06,Spotify,1600
TR078,2025,07,Spotify,1650
TR078,2025,08,Spotify,1620
TR078,2025,09,Spotify,1580
TR078,2025,10,Spotify,1520
TR078,2025,11,Spotify,1650
TR079,2024,12,Spotify,50
TR079,2025,01,Spotify,53
TR079,2025,02,Spotify,45
TR079,2025,03,Spotify,48
TR079,2025,04,Spotify,51
TR079,2025,05,Spotify,50
TR079,2025,06,Spotify,55
TR079,2025,07,Spotify,58
TR079,2025,08,Spotify,56
TR079,2025,09,Spotify,53
TR079,2025,10,Spotify,51
TR079,2025,11,Spotify,55
TR080,2024,12,Spotify,1200
TR080,2025,01,Spotify,1250
TR080,2025,02,Spotify,1150
TR080,2025,03,Spotify,1200
TR080,2025,04,Spotify,1250
TR080,2025,05,Spotify,1220
TR080,2025,06,Spotify,1300
TR080,2025,07,Spotify,1350
TR080,2025,08,Spotify,1330
TR080,2025,09,Spotify,1250
TR080,2025,10,Spotify,1230
TR080,2025,11,Spotify,1280
TR081,2024,12,Spotify,1000
TR081,2025,01,Spotify,1050
TR081,2025,02,Spotify,950
TR081,2025,03,Spotify,1000
TR081,2025,04,Spotify,1050
TR081,2025,05,Spotify,1030
TR081,2025,06,Spotify,1100
TR081,2025,07,Spotify,1150
TR081,2025,08,Spotify,1130
TR081,2025,09,Spotify,1050
TR081,2025,10,Spotify,1030
TR081,2025,11,Spotify,1080
TR082,2024,12,Spotify,800
TR082,2025,01,Spotify,820
TR082,2025,02,Spotify,760
TR082,2025,03,Spotify,790
TR082,2025,04,Spotify,810
TR082,2025,05,Spotify,780
TR082,2025,06,Spotify,850
TR082,2025,07,Spotify,880
TR082,2025,08,Spotify,860
TR082,2025,09,Spotify,820
TR082,2025,10,Spotify,800
TR082,2025,11,Spotify,840
TR083,2024,12,Spotify,1500
TR083,2025,01,Spotify,1550
TR083,2025,02,Spotify,1400
TR083,2025,03,Spotify,1450
TR083,2025,04,Spotify,1520
TR083,2025,05,Spotify,1480
TR083,2025,06,Spotify,1600
TR083,2025,07,Spotify,1650
TR083,2025,08,Spotify,1620
TR083,2025,09,Spotify,1580
TR083,2025,10,Spotify,1520
TR083,2025,11,Spotify,1650
TR084,2024,12,Spotify,1200
TR084,2025,01,Spotify,1250
TR084,2025,02,Spotify,1150
TR084,2025,03,Spotify,1200
TR084,2025,04,Spotify,1250
TR084,2025,05,Spotify,1220
TR084,2025,06,Spotify,1300
TR084,2025,07,Spotify,1350
TR084,2025,08,Spotify,1330
TR084,2025,09,Spotify,1250
TR084,2025,10,Spotify,1230
TR084,2025,11,Spotify,1280
TR085,2024,12,Spotify,2000
TR085,2025,01,Spotify,2100
TR085,2025,02,Spotify,1900
TR085,2025,03,Spotify,2050
TR085,2025,04,Spotify,2200
TR085,2025,05,Spotify,2080
TR085,2025,06,Spotify,2300
TR085,2025,07,Spotify,2400
TR085,2025,08,Spotify,2350
TR085,2025,09,Spotify,2150
TR085,2025,10,Spotify,2100
TR085,2025,11,Spotify,2250
TR086,2024,12,Spotify,1800
TR086,2025,01,Spotify,1900
TR086,2025,02,Spotify,1700
TR086,2025,03,Spotify,1850
TR086,2025,04,Spotify,2000
TR086,2025,05,Spotify,1900
TR086,2025,06,Spotify,2100
TR086,2025,07,Spotify,2200
TR086,2025,08,Spotify,2150
TR086,2025,09,Spotify,1950
TR086,2025,10,Spotify,1900
TR086,2025,11,Spotify,2050
TR087,2024,12,Spotify,3000
TR087,2025,01,Spotify,3150
TR087,2025,02,Spotify,2850
TR087,2025,03,Spotify,3050
TR087,2025,04,Spotify,3200
TR087,2025,05,Spotify,3080
TR087,2025,06,Spotify,3400
TR087,2025,07,Spotify,3500
TR087,2025,08,Spotify,3450
TR087,2025,09,Spotify,3250
TR087,2025,10,Spotify,3150
TR087,2025,11,Spotify,3300
TR088,2024,12,Spotify,2500
TR088,2025,01,Spotify,2600
TR088,2025,02,Spotify,2350
TR088,2025,03,Spotify,2450
TR088,2025,04,Spotify,2550
TR088,2025,05,Spotify,2480
TR088,2025,06,Spotify,2700
TR088,2025,07,Spotify,2750
TR088,2025,08,Spotify,2720
TR088,2025,09,Spotify,2600
TR088,2025,10,Spotify,2550
TR088,2025,11,Spotify,2650
TR089,2024,12,Spotify,3800
TR089,2025,01,Spotify,3950
TR089,2025,02,Spotify,3600
TR089,2025,03,Spotify,3750
TR089,2025,04,Spotify,3900
TR089,2025,05,Spotify,3850
TR089,2025,06,Spotify,4100
TR089,2025,07,Spotify,4200
TR089,2025,08,Spotify,4150
TR089,2025,09,Spotify,3950
TR089,2025,10,Spotify,3900
TR089,2025,11,Spotify,4050
TR090,2024,12,Spotify,3500
TR090,2025,01,Spotify,3650
TR090,2025,02,Spotify,3300
TR090,2025,03,Spotify,3450
TR090,2025,04,Spotify,3600
TR090,2025,05,Spotify,3550
TR090,2025,06,Spotify,3800
TR090,2025,07,Spotify,3900
TR090,2025,08,Spotify,3850
TR090,2025,09,Spotify,3650
TR090,2025,10,Spotify,3600
TR090,2025,11,Spotify,3750
TR091,2024,12,Spotify,1800
TR091,2025,01,Spotify,1900
TR091,2025,02,Spotify,1700
TR091,2025,03,Spotify,1850
TR091,2025,04,Spotify,2000
TR091,2025,05,Spotify,1900
TR091,2025,06,Spotify,2100
TR091,2025,07,Spotify,2200
TR091,2025,08,Spotify,2150
TR091,2025,09,Spotify,1950
TR091,2025,10,Spotify,1900
TR091,2025,11,Spotify,2050
TR092,2024,12,Spotify,1500
TR092,2025,01,Spotify,1550
TR092,2025,02,Spotify,1400
TR092,2025,03,Spotify,1450
TR092,2025,04,Spotify,1520
TR092,2025,05,Spotify,1480
TR092,2025,06,Spotify,1600
TR092,2025,07,Spotify,1650
TR092,2025,08,Spotify,1620
TR092,2025,09,Spotify,1580
TR092,2025,10,Spotify,1520
TR092,2025,11,Spotify,1650
TR093,2024,12,Spotify,3000
TR093,2025,01,Spotify,3150
TR093,2025,02,Spotify,2850
TR093,2025,03,Spotify,3050
TR093,2025,04,Spotify,3200
TR093,2025,05,Spotify,3080
TR093,2025,06,Spotify,3400
TR093,2025,07,Spotify,3500
TR093,2025,08,Spotify,3450
TR093,2025,09,Spotify,3250
TR093,2025,10,Spotify,3150
TR093,2025,11,Spotify,3300
TR094,2024,12,Spotify,2500
TR094,2025,01,Spotify,2600
TR094,2025,02,Spotify,2350
TR094,2025,03,Spotify,2450
TR094,2025,04,Spotify,2550
TR094,2025,05,Spotify,2480
TR094,2025,06,Spotify,2700
TR094,2025,07,Spotify,2750
TR094,2025,08,Spotify,2720
TR094,2025,09,Spotify,2600
TR094,2025,10,Spotify,2550
TR094,2025,11,Spotify,2650
TR095,2024,12,Spotify,180
TR095,2025,01,Spotify,190
TR095,2025,02,Spotify,170
TR095,2025,03,Spotify,185
TR095,2025,04,Spotify,200
TR095,2025,05,Spotify,190
TR095,2025,06,Spotify,210
TR095,2025,07,Spotify,220
TR095,2025,08,Spotify,215
TR095,2025,09,Spotify,195
TR095,2025,10,Spotify,190
TR095,2025,11,Spotify,205
TR096,2024,12,Spotify,150
TR096,2025,01,Spotify,155
TR096,2025,02,Spotify,135
TR096,2025,03,Spotify,145
TR096,2025,04,Spotify,152
TR096,2025,05,Spotify,148
TR096,2025,06,Spotify,160
TR096,2025,07,Spotify,165
TR096,2025,08,Spotify,162
TR096,2025,09,Spotify,158
TR096,2025,10,Spotify,152
TR096,2025,11,Spotify,165
TR097,2024,12,Spotify,2000
TR097,2025,01,Spotify,2100
TR097,2025,02,Spotify,1900
TR097,2025,03,Spotify,2050
TR097,2025,04,Spotify,2200
TR097,2025,05,Spotify,2080
TR097,2025,06,Spotify,2300
TR097,2025,07,Spotify,2400
TR097,2025,08,Spotify,2350
TR097,2025,09,Spotify,2150
TR097,2025,10,Spotify,2100
TR097,2025,11,Spotify,2250
TR098,2024,12,Spotify,1800
TR098,2025,01,Spotify,1900
TR098,2025,02,Spotify,1700
TR098,2025,03,Spotify,1850
TR098,2025,04,Spotify,2000
TR098,2025,05,Spotify,1900
TR098,2025,06,Spotify,2100
TR098,2025,07,Spotify,2200
TR098,2025,08,Spotify,2150
TR098,2025,09,Spotify,1950
TR098,2025,10,Spotify,1900
TR098,2025,11,Spotify,2050
TR099,2024,12,Spotify,3000
TR099,2025,01,Spotify,3150
TR099,2025,02,Spotify,2850
TR099,2025,03,Spotify,3050
TR099,2025,04,Spotify,3200
TR099,2025,05,Spotify,3080
TR099,2025,06,Spotify,3400
TR099,2025,07,Spotify,3500
TR099,2025,08,Spotify,3450
TR099,2025,09,Spotify,3250
TR099,2025,10,Spotify,3150
TR099,2025,11,Spotify,3300
TR100,2024,12,Spotify,2500
TR100,2025,01,Spotify,2600
TR100,2025,02,Spotify,2350
TR100,2025,03,Spotify,2450
TR100,2025,04,Spotify,2550
TR100,2025,05,Spotify,2480
TR100,2025,06,Spotify,2700
TR100,2025,07,Spotify,2750
TR100,2025,08,Spotify,2720
TR100,2025,09,Spotify,2600
TR100,2025,10,Spotify,2550
TR100,2025,11,Spotify,2650
TR101,2024,12,Spotify,3800
TR101,2025,01,Spotify,3950
TR101,2025,02,Spotify,3600
TR101,2025,03,Spotify,3750
TR101,2025,04,Spotify,3900
TR101,2025,05,Spotify,3850
TR101,2025,06,Spotify,4100
TR101,2025,07,Spotify,4200
TR101,2025,08,Spotify,4150
TR101,2025,09,Spotify,3950
TR101,2025,10,Spotify,3900
TR101,2025,11,Spotify,4050
TR102,2024,12,Spotify,3500
TR102,2025,01,Spotify,3650
TR102,2025,02,Spotify,3300
TR102,2025,03,Spotify,3450
TR102,2025,04,Spotify,3600
TR102,2025,05,Spotify,3550
TR102,2025,06,Spotify,3800
TR102,2025,07,Spotify,3900
TR102,2025,08,Spotify,3850
TR102,2025,09,Spotify,3650
TR102,2025,10,Spotify,3600
TR102,2025,11,Spotify,3750
TR103,2024,12,Spotify,1800
TR103,2025,01,Spotify,1900
TR103,2025,02,Spotify,1700
TR103,2025,03,Spotify,1850
TR103,2025,04,Spotify,2000
TR103,2025,05,Spotify,1900
TR103,2025,06,Spotify,2100
TR103,2025,07,Spotify,2200
TR103,2025,08,Spotify,2150
TR103,2025,09,Spotify,1950
TR103,2025,10,Spotify,1900
TR103,2025,11,Spotify,2050
TR104,2024,12,Spotify,1500
TR104,2025,01,Spotify,1550
TR104,2025,02,Spotify,1400
TR104,2025,03,Spotify,1450
TR104,2025,04,Spotify,1520
TR104,2025,05,Spotify,1480
TR104,2025,06,Spotify,1600
TR104,2025,07,Spotify,1650
TR104,2025,08,Spotify,1620
TR104,2025,09,Spotify,1580
TR104,2025,10,Spotify,1520
TR104,2025,11,Spotify,1650
TR105,2024,12,Spotify,3000
TR105,2025,01,Spotify,3150
TR105,2025,02,Spotify,2850
TR105,2025,03,Spotify,3050
TR105,2025,04,Spotify,3200
TR105,2025,05,Spotify,3080
TR105,2025,06,Spotify,3400
TR105,2025,07,Spotify,3500
TR105,2025,08,Spotify,3450
TR105,2025,09,Spotify,3250
TR105,2025,10,Spotify,3150
TR105,2025,11,Spotify,3300
TR106,2024,12,Spotify,2500
TR106,2025,01,Spotify,2600
TR106,2025,02,Spotify,2350
TR106,2025,03,Spotify,2450
TR106,2025,04,Spotify,2550
TR106,2025,05,Spotify,2480
TR106,2025,06,Spotify,2700
TR106,2025,07,Spotify,2750
TR106,2025,08,Spotify,2720
TR106,2025,09,Spotify,2600
TR106,2025,10,Spotify,2550
TR106,2025,11,Spotify,2650
TR107,2024,12,Spotify,50
TR107,2025,01,Spotify,53
TR107,2025,02,Spotify,45
TR107,2025,03,Spotify,48
TR107,2025,04,Spotify,51
TR107,2025,05,Spotify,50
TR107,2025,06,Spotify,55
TR107,2025,07,Spotify,58
TR107,2025,08,Spotify,56
TR107,2025,09,Spotify,53
TR107,2025,10,Spotify,51
TR107,2025,11,Spotify,55
TR108,2024,12,Spotify,30
TR108,2025,01,Spotify,33
TR108,2025,02,Spotify,28
TR108,2025,03,Spotify,31
TR108,2025,04,Spotify,34
TR108,2025,05,Spotify,32
TR108,2025,06,Spotify,37
TR108,2025,07,Spotify,40
TR108,2025,08,Spotify,38
TR108,2025,09,Spotify,35
TR108,2025,10,Spotify,33
TR108,2025,11,Spotify,36
TR109,2024,12,Spotify,40
TR109,2025,01,Spotify,43
TR109,2025,02,Spotify,38
TR109,2025,03,Spotify,41
TR109,2025,04,Spotify,44
TR109,2025,05,Spotify,42
TR109,2025,06,Spotify,47
TR109,2025,07,Spotify,50
TR109,2025,08,Spotify,48
TR109,2025,09,Spotify,45
TR109,2025,10,Spotify,43
TR109,2025,11,Spotify,46
TR110,2024,12,Spotify,30
TR110,2025,01,Spotify,33
TR110,2025,02,Spotify,28
TR110,2025,03,Spotify,31
TR110,2025,04,Spotify,34
TR110,2025,05,Spotify,32
TR110,2025,06,Spotify,37
TR110,2025,07,Spotify,40
TR110,2025,08,Spotify,38
TR110,2025,09,Spotify,35
TR110,2025,10,Spotify,33
TR110,2025,11,Spotify,36
TR111,2024,12,Spotify,1800
TR111,2025,01,Spotify,1900
TR111,2025,02,Spotify,1700
TR111,2025,03,Spotify,1850
TR111,2025,04,Spotify,2000
TR111,2025,05,Spotify,1900
TR111,2025,06,Spotify,2100
TR111,2025,07,Spotify,2200
TR111,2025,08,Spotify,2150
TR111,2025,09,Spotify,1950
TR111,2025,10,Spotify,1900
TR111,2025,11,Spotify,2050
TR112,2024,12,Spotify,1500
TR112,2025,01,Spotify,1550
TR112,2025,02,Spotify,1400
TR112,2025,03,Spotify,1450
TR112,2025,04,Spotify,1520
TR112,2025,05,Spotify,1480
TR112,2025,06,Spotify,1600
TR112,2025,07,Spotify,1650
TR112,2025,08,Spotify,1620
TR112,2025,09,Spotify,1580
TR112,2025,10,Spotify,1520
TR112,2025,11,Spotify,1650
TR113,2024,12,Spotify,3000
TR113,2025,01,Spotify,3150
TR113,2025,02,Spotify,2850
TR113,2025,03,Spotify,3050
TR113,2025,04,Spotify,3200
TR113,2025,05,Spotify,3080
TR113,2025,06,Spotify,3400
TR113,2025,07,Spotify,3500
TR113,2025,08,Spotify,3450
TR113,2025,09,Spotify,3250
TR113,2025,10,Spotify,3150
TR113,2025,11,Spotify,3300
TR114,2024,12,Spotify,2500
TR114,2025,01,Spotify,2600
TR114,2025,02,Spotify,2350
TR114,2025,03,Spotify,2450
TR114,2025,04,Spotify,2550
TR114,2025,05,Spotify,2480
TR114,2025,06,Spotify,2700
TR114,2025,07,Spotify,2750
TR114,2025,08,Spotify,2720
TR114,2025,09,Spotify,2600
TR114,2025,10,Spotify,2550
TR114,2025,11,Spotify,2650
TR115,2024,12,Spotify,3800
TR115,2025,01,Spotify,3950
TR115,2025,02,Spotify,3600
TR115,2025,03,Spotify,3750
TR115,2025,04,Spotify,3900
TR115,2025,05,Spotify,3850
TR115,2025,06,Spotify,4100
TR115,2025,07,Spotify,4200
TR115,2025,08,Spotify,4150
TR115,2025,09,Spotify,3950
TR115,2025,10,Spotify,3900
TR115,2025,11,Spotify,4050
TR116,2024,12,Spotify,3500
TR116,2025,01,Spotify,3650
TR116,2025,02,Spotify,3300
TR116,2025,03,Spotify,3450
TR116,2025,04,Spotify,3600
TR116,2025,05,Spotify,3550
TR116,2025,06,Spotify,3800
TR116,2025,07,Spotify,3900
TR116,2025,08,Spotify,3850
TR116,2025,09,Spotify,3650
TR116,2025,10,Spotify,3600
TR116,2025,11,Spotify,3750
TR117,2024,12,Spotify,1800
TR117,2025,01,Spotify,1900
TR117,2025,02,Spotify,1700
TR117,2025,03,Spotify,1850
TR117,2025,04,Spotify,2000
TR117,2025,05,Spotify,1900
TR117,2025,06,Spotify,2100
TR117,2025,07,Spotify,2200
TR117,2025,08,Spotify,2150
TR117,2025,09,Spotify,1950
TR117,2025,10,Spotify,1900
TR117,2025,11,Spotify,2050
TR118,2024,12,Spotify,1500
TR118,2025,01,Spotify,1550
TR118,2025,02,Spotify,1400
TR118,2025,03,Spotify,1450
TR118,2025,04,Spotify,1520
TR118,2025,05,Spotify,1480
TR118,2025,06,Spotify,1600
TR118,2025,07,Spotify,1650
TR118,2025,08,Spotify,1620
TR118,2025,09,Spotify,1580
TR118,2025,10,Spotify,1520
TR118,2025,11,Spotify,1650
TR119,2024,12,Spotify,3000
TR119,2025,01,Spotify,3150
TR119,2025,02,Spotify,2850
TR119,2025,03,Spotify,3050
TR119,2025,04,Spotify,3200
TR119,2025,05,Spotify,3080
TR119,2025,06,Spotify,3400
TR119,2025,07,Spotify,3500
TR119,2025,08,Spotify,3450
TR119,2025,09,Spotify,3250
TR119,2025,10,Spotify,3150
TR119,2025,11,Spotify,3300
TR120,2024,12,Spotify,18000
TR120,2025,01,Spotify,19000
TR120,2025,02,Spotify,17500
TR120,2025,03,Spotify,18500
TR120,2025,04,Spotify,19500
TR120,2025,05,Spotify,18800
TR120,2025,06,Spotify,20000
TR120,2025,07,Spotify,21000
TR120,2025,08,Spotify,20500
TR120,2025,09,Spotify,19500
TR120,2025,10,Spotify,19000
TR120,2025,11,Spotify,20000
TR121,2024,12,Spotify,15000
TR121,2025,01,Spotify,15500
TR121,2025,02,Spotify,14000
TR121,2025,03,Spotify,14500
TR121,2025,04,Spotify,15200
TR121,2025,05,Spotify,14800
TR121,2025,06,Spotify,16000
TR121,2025,07,Spotify,16500
TR121,2025,08,Spotify,16200
TR121,2025,09,Spotify,15800
TR121,2025,10,Spotify,15200
TR121,2025,11,Spotify,16500
TR122,2024,12,Spotify,3000
TR122,2025,01,Spotify,3150
TR122,2025,02,Spotify,2850
TR122,2025,03,Spotify,3050
TR122,2025,04,Spotify,3200
TR122,2025,05,Spotify,3080
TR122,2025,06,Spotify,3400
TR122,2025,07,Spotify,3500
TR122,2025,08,Spotify,3450
TR122,2025,09,Spotify,3250
TR122,2025,10,Spotify,3150
TR122,2025,11,Spotify,3300
TR123,2024,12,Spotify,2500
TR123,2025,01,Spotify,2600
TR123,2025,02,Spotify,2350
TR123,2025,03,Spotify,2450
TR123,2025,04,Spotify,2550
TR123,2025,05,Spotify,2480
TR123,2025,06,Spotify,2700
TR123,2025,07,Spotify,2750
TR123,2025,08,Spotify,2720
TR123,2025,09,Spotify,2600
TR123,2025,10,Spotify,2550
TR123,2025,11,Spotify,2650
TR124,2024,12,Spotify,3800
TR124,2025,01,Spotify,3950
TR124,2025,02,Spotify,3600
TR124,2025,03,Spotify,3750
TR124,2025,04,Spotify,3900
TR124,2025,05,Spotify,3850
TR124,2025,06,Spotify,4100
TR124,2025,07,Spotify,4200
TR124,2025,08,Spotify,4150
TR124,2025,09,Spotify,3950
TR124,2025,10,Spotify,3900
TR124,2025,11,Spotify,4050
TR125,2024,12,Spotify,3500
TR125,2025,01,Spotify,3650
TR125,2025,02,Spotify,3300
TR125,2025,03,Spotify,3450
TR125,2025,04,Spotify,3600
TR125,2025,05,Spotify,3550
TR125,2025,06,Spotify,3800
TR125,2025,07,Spotify,3900
TR125,2025,08,Spotify,3850
TR125,2025,09,Spotify,3650
TR125,2025,10,Spotify,3600
TR125,2025,11,Spotify,3750
TR126,2024,12,Spotify,1800
TR126,2025,01,Spotify,1900
TR126,2025,02,Spotify,1700
TR126,2025,03,Spotify,1850
TR126,2025,04,Spotify,2000
TR126,2025,05,Spotify,1900
TR126,2025,06,Spotify,2100
TR126,2025,07,Spotify,2200
TR126,2025,08,Spotify,2150
TR126,2025,09,Spotify,1950
TR126,2025,10,Spotify,1900
TR126,2025,11,Spotify,2050
TR127,2024,12,Spotify,1500
TR127,2025,01,Spotify,1550
TR127,2025,02,Spotify,1400
TR127,2025,03,Spotify,1450
TR127,2025,04,Spotify,1520
TR127,2025,05,Spotify,1480
TR127,2025,06,Spotify,1600
TR127,2025,07,Spotify,1650
TR127,2025,08,Spotify,1620
TR127,2025,09,Spotify,1580
TR127,2025,10,Spotify,1520
TR127,2025,11,Spotify,1650
TR128,2024,12,Spotify,3000
TR128,2025,01,Spotify,3150
TR128,2025,02,Spotify,2850
TR128,2025,03,Spotify,3050
TR128,2025,04,Spotify,3200
TR128,2025,05,Spotify,3080
TR128,2025,06,Spotify,3400
TR128,2025,07,Spotify,3500
TR128,2025,08,Spotify,3450
TR128,2025,09,Spotify,3250
TR128,2025,10,Spotify,3150
TR128,2025,11,Spotify,3300
TR129,2024,12,Spotify,2500
TR129,2025,01,Spotify,2600
TR129,2025,02,Spotify,2350
TR129,2025,03,Spotify,2450
TR129,2025,04,Spotify,2550
TR129,2025,05,Spotify,2480
TR129,2025,06,Spotify,2700
TR129,2025,07,Spotify,2750
TR129,2025,08,Spotify,2720
TR129,2025,09,Spotify,2600
TR129,2025,10,Spotify,2550
TR129,2025,11,Spotify,2650
TR130,2024,12,Spotify,3800
TR130,2025,01,Spotify,3950
TR130,2025,02,Spotify,3600
TR130,2025,03,Spotify,3750
TR130,2025,04,Spotify,3900
TR130,2025,05,Spotify,3850
TR130,2025,06,Spotify,4100
TR130,2025,07,Spotify,4200
TR130,2025,08,Spotify,4150
TR130,2025,09,Spotify,3950
TR130,2025,10,Spotify,3900
TR130,2025,11,Spotify,4050
TR131,2024,12,Spotify,3500
TR131,2025,01,Spotify,3650
TR131,2025,02,Spotify,3300
TR131,2025,03,Spotify,3450
TR131,2025,04,Spotify,3600
TR131,2025,05,Spotify,3550
TR131,2025,06,Spotify,3800
TR131,2025,07,Spotify,3900
TR131,2025,08,Spotify,3850
TR131,2025,09,Spotify,3650
TR131,2025,10,Spotify,3600
TR131,2025,11,Spotify,3750
TR132,2024,12,Spotify,1800
TR132,2025,01,Spotify,1900
TR132,2025,02,Spotify,1700
TR132,2025,03,Spotify,1850
TR132,2025,04,Spotify,2000
TR132,2025,05,Spotify,1900
TR132,2025,06,Spotify,2100
TR132,2025,07,Spotify,2200
TR132,2025,08,Spotify,2150
TR132,2025,09,Spotify,1950
TR132,2025,10,Spotify,1900
TR132,2025,11,Spotify,2050
TR133,2024,12,Spotify,1500
TR133,2025,01,Spotify,1550
TR133,2025,02,Spotify,1400
TR133,2025,03,Spotify,1450
TR133,2025,04,Spotify,1520
TR133,2025,05,Spotify,1480
TR133,2025,06,Spotify,1600
TR133,2025,07,Spotify,1650
TR133,2025,08,Spotify,1620
TR133,2025,09,Spotify,1580
TR133,2025,10,Spotify,1520
TR133,2025,11,Spotify,1650
TR134,2024,12,Spotify,3000
TR134,2025,01,Spotify,3150
TR134,2025,02,Spotify,2850
TR134,2025,03,Spotify,3050
TR134,2025,04,Spotify,3200
TR134,2025,05,Spotify,3080
TR134,2025,06,Spotify,3400
TR134,2025,07,Spotify,3500
TR134,2025,08,Spotify,3450
TR134,2025,09,Spotify,3250
TR134,2025,10,Spotify,3150
TR134,2025,11,Spotify,3300
TR135,2024,12,Spotify,2500
TR135,2025,01,Spotify,2600
TR135,2025,02,Spotify,2350
TR135,2025,03,Spotify,2450
TR135,2025,04,Spotify,2550
TR135,2025,05,Spotify,2480
TR135,2025,06,Spotify,2700
TR135,2025,07,Spotify,2750
TR135,2025,08,Spotify,2720
TR135,2025,09,Spotify,2600
TR135,2025,10,Spotify,2550
TR135,2025,11,Spotify,2650
TR136,2024,12,Spotify,3800
TR136,2025,01,Spotify,3950
TR136,2025,02,Spotify,3600
TR136,2025,03,Spotify,3750
TR136,2025,04,Spotify,3900
TR136,2025,05,Spotify,3850
TR136,2025,06,Spotify,4100
TR136,2025,07,Spotify,4200
TR136,2025,08,Spotify,4150
TR136,2025,09,Spotify,3950
TR136,2025,10,Spotify,3900
TR136,2025,11,Spotify,4050
TR137,2024,12,Spotify,25
TR137,2025,01,Spotify,27
TR137,2025,02,Spotify,22
TR137,2025,03,Spotify,24
TR137,2025,04,Spotify,26
TR137,2025,05,Spotify,25
TR137,2025,06,Spotify,28
TR137,2025,07,Spotify,30
TR137,2025,08,Spotify,29
TR137,2025,09,Spotify,27
TR137,2025,10,Spotify,26
TR137,2025,11,Spotify,28
TR138,2024,12,Spotify,20
TR138,2025,01,Spotify,22
TR138,2025,02,Spotify,18
TR138,2025,03,Spotify,20
TR138,2025,04,Spotify,23
TR138,2025,05,Spotify,21
TR138,2025,06,Spotify,25
TR138,2025,07,Spotify,27
TR138,2025,08,Spotify,26
TR138,2025,09,Spotify,23
TR138,2025,10,Spotify,21
TR138,2025,11,Spotify,25
TR139,2024,12,Spotify,1800
TR139,2025,01,Spotify,1900
TR139,2025,02,Spotify,1700
TR139,2025,03,Spotify,1850
TR139,2025,04,Spotify,2000
TR139,2025,05,Spotify,1900
TR139,2025,06,Spotify,2100
TR139,2025,07,Spotify,2200
TR139,2025,08,Spotify,2150
TR139,2025,09,Spotify,1950
TR139,2025,10,Spotify,1900
TR139,2025,11,Spotify,2050
TR140,2024,12,Spotify,1500
TR140,2025,01,Spotify,1550
TR140,2025,02,Spotify,1400
TR140,2025,03,Spotify,1450
TR140,2025,04,Spotify,1520
TR140,2025,05,Spotify,1480
TR140,2025,06,Spotify,1600
TR140,2025,07,Spotify,1650
TR140,2025,08,Spotify,1620
TR140,2025,09,Spotify,1580
TR140,2025,10,Spotify,1520
TR140,2025,11,Spotify,1650
TR141,2024,12,Spotify,3000
TR141,2025,01,Spotify,3150
TR141,2025,02,Spotify,2850
TR141,2025,03,Spotify,3050
TR141,2025,04,Spotify,3200
TR141,2025,05,Spotify,3080
TR141,2025,06,Spotify,3400
TR141,2025,07,Spotify,3500
TR141,2025,08,Spotify,3450
TR141,2025,09,Spotify,3250
TR141,2025,10,Spotify,3150
TR141,2025,11,Spotify,3300
TR142,2024,12,Spotify,2500
TR142,2025,01,Spotify,2600
TR142,2025,02,Spotify,2350
TR142,2025,03,Spotify,2450
TR142,2025,04,Spotify,2550
TR142,2025,05,Spotify,2480
TR142,2025,06,Spotify,2700
TR142,2025,07,Spotify,2750
TR142,2025,08,Spotify,2720
TR142,2025,09,Spotify,2600
TR142,2025,10,Spotify,2550
TR142,2025,11,Spotify,2650
TR143,2024,12,Spotify,3800
TR143,2025,01,Spotify,3950
TR143,2025,02,Spotify,3600
TR143,2025,03,Spotify,3750
TR143,2025,04,Spotify,3900
TR143,2025,05,Spotify,3850
TR143,2025,06,Spotify,4100
TR143,2025,07,Spotify,4200
TR143,2025,08,Spotify,4150
TR143,2025,09,Spotify,3950
TR143,2025,10,Spotify,3900
TR143,2025,11,Spotify,4050
TR144,2024,12,Spotify,3500
TR144,2025,01,Spotify,3650
TR144,2025,02,Spotify,3300
TR144,2025,03,Spotify,3450
TR144,2025,04,Spotify,3600
TR144,2025,05,Spotify,3550
TR144,2025,06,Spotify,3800
TR144,2025,07,Spotify,3900
TR144,2025,08,Spotify,3850
TR144,2025,09,Spotify,3650
TR144,2025,10,Spotify,3600
TR144,2025,11,Spotify,3750
TR145,2024,12,Spotify,1800
TR145,2025,01,Spotify,1900
TR145,2025,02,Spotify,1700
TR145,2025,03,Spotify,1850
TR145,2025,04,Spotify,2000
TR145,2025,05,Spotify,1900
TR145,2025,06,Spotify,2100
TR145,2025,07,Spotify,2200
TR145,2025,08,Spotify,2150
TR145,2025,09,Spotify,1950
TR145,2025,10,Spotify,1900
TR145,2025,11,Spotify,2050
TR146,2024,12,Spotify,1500
TR146,2025,01,Spotify,1550
TR146,2025,02,Spotify,1400
TR146,2025,03,Spotify,1450
TR146,2025,04,Spotify,1520
TR146,2025,05,Spotify,1480
TR146,2025,06,Spotify,1600
TR146,2025,07,Spotify,1650
TR146,2025,08,Spotify,1620
TR146,2025,09,Spotify,1580
TR146,2025,10,Spotify,1520
TR146,2025,11,Spotify,1650
TR147,2024,12,Spotify,3000
TR147,2025,01,Spotify,3150
TR147,2025,02,Spotify,2850
TR147,2025,03,Spotify,3050
TR147,2025,04,Spotify,3200
TR147,2025,05,Spotify,3080
TR147,2025,06,Spotify,3400
TR147,2025,07,Spotify,3500
TR147,2025,08,Spotify,3450
TR147,2025,09,Spotify,3250
TR147,2025,10,Spotify,3150
TR147,2025,11,Spotify,3300
TR148,2024,12,Spotify,2500
TR148,2025,01,Spotify,2600
TR148,2025,02,Spotify,2350
TR148,2025,03,Spotify,2450
TR148,2025,04,Spotify,2550
TR148,2025,05,Spotify,2480
TR148,2025,06,Spotify,2700
TR148,2025,07,Spotify,2750
TR148,2025,08,Spotify,2720
TR148,2025,09,Spotify,2600
TR148,2025,10,Spotify,2550
TR148,2025,11,Spotify,2650
TR149,2024,12,Spotify,3800
TR149,2025,01,Spotify,3950
TR149,2025,02,Spotify,3600
TR149,2025,03,Spotify,3750
TR149,2025,04,Spotify,3900
TR149,2025,05,Spotify,3850
TR149,2025,06,Spotify,4100
TR149,2025,07,Spotify,4200
TR149,2025,08,Spotify,4150
TR149,2025,09,Spotify,3950
TR149,2025,10,Spotify,3900
TR149,2025,11,Spotify,4050
TR150,2024,12,Spotify,3500
TR150,2025,01,Spotify,3650
TR150,2025,02,Spotify,3300
TR150,2025,03,Spotify,3450
TR150,2025,04,Spotify,3600
TR150,2025,05,Spotify,3550
TR150,2025,06,Spotify,3800
TR150,2025,07,Spotify,3900
TR150,2025,08,Spotify,3850
TR150,2025,09,Spotify,3650
TR150,2025,10,Spotify,3600
TR150,2025,11,Spotify,3750
TR151,2024,12,Spotify,1800
TR151,2025,01,Spotify,1900
TR151,2025,02,Spotify,1700
TR151,2025,03,Spotify,1850
TR151,2025,04,Spotify,2000
TR151,2025,05,Spotify,1900
TR151,2025,06,Spotify,2100
TR151,2025,07,Spotify,2200
TR151,2025,08,Spotify,2150
TR151,2025,09,Spotify,1950
TR151,2025,10,Spotify,1900
TR151,2025,11,Spotify,2050
TR152,2024,12,Spotify,1500
TR152,2025,01,Spotify,1550
TR152,2025,02,Spotify,1400
TR152,2025,03,Spotify,1450
TR152,2025,04,Spotify,1520
TR152,2025,05,Spotify,1480
TR152,2025,06,Spotify,1600
TR152,2025,07,Spotify,1650
TR152,2025,08,Spotify,1620
TR152,2025,09,Spotify,1580
TR152,2025,10,Spotify,1520
TR152,2025,11,Spotify,1650
TR153,2024,12,Spotify,3000
TR153,2025,01,Spotify,3150
TR153,2025,02,Spotify,2850
TR153,2025,03,Spotify,3050
TR153,2025,04,Spotify,3200
TR153,2025,05,Spotify,3080
TR153,2025,06,Spotify,3400
TR153,2025,07,Spotify,3500
TR153,2025,08,Spotify,3450
TR153,2025,09,Spotify,3250
TR153,2025,10,Spotify,3150
TR153,2025,11,Spotify,3300
TR154,2024,12,Spotify,2500
TR154,2025,01,Spotify,2600
TR154,2025,02,Spotify,2350
TR154,2025,03,Spotify,2450
TR154,2025,04,Spotify,2550
TR154,2025,05,Spotify,2480
TR154,2025,06,Spotify,2700
TR154,2025,07,Spotify,2750
TR154,2025,08,Spotify,2720
TR154,2025,09,Spotify,2600
TR154,2025,10,Spotify,2550
TR154,2025,11,Spotify,2650
TR155,2024,12,Spotify,3800
TR155,2025,01,Spotify,3950
TR155,2025,02,Spotify,3600
TR155,2025,03,Spotify,3750
TR155,2025,04,Spotify,3900
TR155,2025,05,Spotify,3850
TR155,2025,06,Spotify,4100
TR155,2025,07,Spotify,4200
TR155,2025,08,Spotify,4150
TR155,2025,09,Spotify,3950
TR155,2025,10,Spotify,3900
TR155,2025,11,Spotify,4050
TR156,2024,12,Spotify,3500
TR156,2025,01,Spotify,3650
TR156,2025,02,Spotify,3300
TR156,2025,03,Spotify,3450
TR156,2025,04,Spotify,3600
TR156,2025,05,Spotify,3550
TR156,2025,06,Spotify,3800
TR156,2025,07,Spotify,3900
TR156,2025,08,Spotify,3850
TR156,2025,09,Spotify,3650
TR156,2025,10,Spotify,3600
TR156,2025,11,Spotify,3750
TR157,2024,12,Spotify,1800
TR157,2025,01,Spotify,1900
TR157,2025,02,Spotify,1700
TR157,2025,03,Spotify,1850
TR157,2025,04,Spotify,2000
TR157,2025,05,Spotify,1900
TR157,2025,06,Spotify,2100
TR157,2025,07,Spotify,2200
TR157,2025,08,Spotify,2150
TR157,2025,09,Spotify,1950
TR157,2025,10,Spotify,1900
TR157,2025,11,Spotify,2050
TR158,2024,12,Spotify,1500
TR158,2025,01,Spotify,1550
TR158,2025,02,Spotify,1400
TR158,2025,03,Spotify,1450
TR158,2025,04,Spotify,1520
TR158,2025,05,Spotify,1480
TR158,2025,06,Spotify,1600
TR158,2025,07,Spotify,1650
TR158,2025,08,Spotify,1620
TR158,2025,09,Spotify,1580
TR158,2025,10,Spotify,1520
TR158,2025,11,Spotify,1650
TR159,2024,12,Spotify,3000
TR159,2025,01,Spotify,3150
TR159,2025,02,Spotify,2850
TR159,2025,03,Spotify,3050
TR159,2025,04,Spotify,3200
TR159,2025,05,Spotify,3080
TR159,2025,06,Spotify,3400
TR159,2025,07,Spotify,3500
TR159,2025,08,Spotify,3450
TR159,2025,09,Spotify,3250
TR159,2025,10,Spotify,3150
TR159,2025,11,Spotify,3300
TR160,2024,12,Spotify,2500
TR160,2025,01,Spotify,2600
TR160,2025,02,Spotify,2350
TR160,2025,03,Spotify,2450
TR160,2025,04,Spotify,2550
TR160,2025,05,Spotify,2480
TR160,2025,06,Spotify,2700
TR160,2025,07,Spotify,2750
TR160,2025,08,Spotify,2720
TR160,2025,09,Spotify,2600
TR160,2025,10,Spotify,2550
TR160,2025,11,Spotify,2650
TR161,2024,12,Spotify,70
TR161,2025,01,Spotify,72
TR161,2025,02,Spotify,65
TR161,2025,03,Spotify,68
TR161,2025,04,Spotify,71
TR161,2025,05,Spotify,70
TR161,2025,06,Spotify,75
TR161,2025,07,Spotify,78
TR161,2025,08,Spotify,76
TR161,2025,09,Spotify,73
TR161,2025,10,Spotify,71
TR161,2025,11,Spotify,75
TR162,2024,12,Spotify,65
TR162,2025,01,Spotify,68
TR162,2025,02,Spotify,60
TR162,2025,03,Spotify,63
TR162,2025,04,Spotify,66
TR162,2025,05,Spotify,64
TR162,2025,06,Spotify,70
TR162,2025,07,Spotify,72
TR162,2025,08,Spotify,71
TR162,2025,09,Spotify,67
TR162,2025,10,Spotify,65
TR162,2025,11,Spotify,69
TR163,2024,12,Spotify,120
TR163,2025,01,Spotify,125
TR163,2025,02,Spotify,110
TR163,2025,03,Spotify,115
TR163,2025,04,Spotify,122
TR163,2025,05,Spotify,118
TR163,2025,06,Spotify,130
TR163,2025,07,Spotify,135
TR163,2025,08,Spotify,132
TR163,2025,09,Spotify,128
TR163,2025,10,Spotify,122
TR163,2025,11,Spotify,135
TR164,2024,12,Spotify,100
TR164,2025,01,Spotify,105
TR164,2025,02,Spotify,90
TR164,2025,03,Spotify,95
TR164,2025,04,Spotify,102
TR164,2025,05,Spotify,98
TR164,2025,06,Spotify,110
TR164,2025,07,Spotify,115
TR164,2025,08,Spotify,112
TR164,2025,09,Spotify,108
TR164,2025,10,Spotify,102
TR164,2025,11,Spotify,115
TR165,2024,12,Spotify,150
TR165,2025,01,Spotify,155
TR165,2025,02,Spotify,135
TR165,2025,03,Spotify,145
TR165,2025,04,Spotify,152
TR165,2025,05,Spotify,148
TR165,2025,06,Spotify,160
TR165,2025,07,Spotify,165
TR165,2025,08,Spotify,162
TR165,2025,09,Spotify,158
TR165,2025,10,Spotify,152
TR165,2025,11,Spotify,165
TR166,2024,12,Spotify,120
TR166,2025,01,Spotify,125
TR166,2025,02,Spotify,110
TR166,2025,03,Spotify,115
TR166,2025,04,Spotify,122
TR166,2025,05,Spotify,118
TR166,2025,06,Spotify,130
TR166,2025,07,Spotify,135
TR166,2025,08,Spotify,132
TR166,2025,09,Spotify,128
TR166,2025,10,Spotify,122
TR166,2025,11,Spotify,135
TR167,2024,12,Spotify,50
TR167,2025,01,Spotify,53
TR167,2025,02,Spotify,45
TR167,2025,03,Spotify,48
TR167,2025,04,Spotify,51
TR167,2025,05,Spotify,50
TR167,2025,06,Spotify,55
TR167,2025,07,Spotify,58
TR167,2025,08,Spotify,56
TR167,2025,09,Spotify,53
TR167,2025,10,Spotify,51
TR167,2025,11,Spotify,55
TR168,2024,12,Spotify,45
TR168,2025,01,Spotify,48
TR168,2025,02,Spotify,40
TR168,2025,03,Spotify,43
TR168,2025,04,Spotify,46
TR168,2025,05,Spotify,44
TR168,2025,06,Spotify,50
TR168,2025,07,Spotify,52
TR168,2025,08,Spotify,51
TR168,2025,09,Spotify,47
TR168,2025,10,Spotify,45
TR168,2025,11,Spotify,49
TR169,2024,12,Spotify,1800
TR169,2025,01,Spotify,1900
TR169,2025,02,Spotify,1700
TR169,2025,03,Spotify,1850
TR169,2025,04,Spotify,2000
TR169,2025,05,Spotify,1900
TR169,2025,06,Spotify,2100
TR169,2025,07,Spotify,2200
TR169,2025,08,Spotify,2150
TR169,2025,09,Spotify,1950
TR169,2025,10,Spotify,1900
TR169,2025,11,Spotify,2050
TR170,2024,12,Spotify,1500
TR170,2025,01,Spotify,1550
TR170,2025,02,Spotify,1400
TR170,2025,03,Spotify,1450
TR170,2025,04,Spotify,1520
TR170,2025,05,Spotify,1480
TR170,2025,06,Spotify,1600
TR170,2025,07,Spotify,1650
TR170,2025,08,Spotify,1620
TR170,2025,09,Spotify,1580
TR170,2025,10,Spotify,1520
TR170,2025,11,Spotify,1650
TR171,2024,12,Spotify,3000
TR171,2025,01,Spotify,3150
TR171,2025,02,Spotify,2850
TR171,2025,03,Spotify,3050
TR171,2025,04,Spotify,3200
TR171,2025,05,Spotify,3080
TR171,2025,06,Spotify,3400
TR171,2025,07,Spotify,3500
TR171,2025,08,Spotify,3450
TR171,2025,09,Spotify,3250
TR171,2025,10,Spotify,3150
TR171,2025,11,Spotify,3300
TR172,2024,12,Spotify,2500
TR172,2025,01,Spotify,2600
TR172,2025,02,Spotify,2350
TR172,2025,03,Spotify,2450
TR172,2025,04,Spotify,2550
TR172,2025,05,Spotify,2480
TR172,2025,06,Spotify,2700
TR172,2025,07,Spotify,2750
TR172,2025,08,Spotify,2720
TR172,2025,09,Spotify,2600
TR172,2025,10,Spotify,2550
TR172,2025,11,Spotify,2650
TR173,2024,12,Spotify,3800
TR173,2025,01,Spotify,3950
TR173,2025,02,Spotify,3600
TR173,2025,03,Spotify,3750
TR173,2025,04,Spotify,3900
TR173,2025,05,Spotify,3850
TR173,2025,06,Spotify,4100
TR173,2025,07,Spotify,4200
TR173,2025,08,Spotify,4150
TR173,2025,09,Spotify,3950
TR173,2025,10,Spotify,3900
TR173,2025,11,Spotify,4050
TR174,2024,12,Spotify,3500
TR174,2025,01,Spotify,3650
TR174,2025,02,Spotify,3300
TR174,2025,03,Spotify,3450
TR174,2025,04,Spotify,3600
TR174,2025,05,Spotify,3550
TR174,2025,06,Spotify,3800
TR174,2025,07,Spotify,3900
TR174,2025,08,Spotify,3850
TR174,2025,09,Spotify,3650
TR174,2025,10,Spotify,3600
TR174,2025,11,Spotify,3750
TR175,2024,12,Spotify,1800
TR175,2025,01,Spotify,1900
TR175,2025,02,Spotify,1700
TR175,2025,03,Spotify,1850
TR175,2025,04,Spotify,2000
TR175,2025,05,Spotify,1900
TR175,2025,06,Spotify,2100
TR175,2025,07,Spotify,2200
TR175,2025,08,Spotify,2150
TR175,2025,09,Spotify,1950
TR175,2025,10,Spotify,1900
TR175,2025,11,Spotify,2050
TR176,2024,12,Spotify,1500
TR176,2025,01,Spotify,1550
TR176,2025,02,Spotify,1400
TR176,2025,03,Spotify,1450
TR176,2025,04,Spotify,1520
TR176,2025,05,Spotify,1480
TR176,2025,06,Spotify,1600
TR176,2025,07,Spotify,1650
TR176,2025,08,Spotify,1620
TR176,2025,09,Spotify,1580
TR176,2025,10,Spotify,1520
TR176,2025,11,Spotify,1650
TR177,2024,12,Spotify,3000
TR177,2025,01,Spotify,3150
TR177,2025,02,Spotify,2850
TR177,2025,03,Spotify,3050
TR177,2025,04,Spotify,3200
TR177,2025,05,Spotify,3080
TR177,2025,06,Spotify,3400
TR177,2025,07,Spotify,3500
TR177,2025,08,Spotify,3450
TR177,2025,09,Spotify,3250
TR177,2025,10,Spotify,3150
TR177,2025,11,Spotify,3300
TR178,2024,12,Spotify,2500
TR178,2025,01,Spotify,2600
TR178,2025,02,Spotify,2350
TR178,2025,03,Spotify,2450
TR178,2025,04,Spotify,2550
TR178,2025,05,Spotify,2480
TR178,2025,06,Spotify,2700
TR178,2025,07,Spotify,2750
TR178,2025,08,Spotify,2720
TR178,2025,09,Spotify,2600
TR178,2025,10,Spotify,2550
TR178,2025,11,Spotify,2650
TR179,2024,12,Spotify,3800
TR179,2025,01,Spotify,3950
TR179,2025,02,Spotify,3600
TR179,2025,03,Spotify,3750
TR179,2025,04,Spotify,3900
TR179,2025,05,Spotify,3850
TR179,2025,06,Spotify,4100
TR179,2025,07,Spotify,4200
TR179,2025,08,Spotify,4150
TR179,2025,09,Spotify,3950
TR179,2025,10,Spotify,3900
TR179,2025,11,Spotify,4050
TR180,2024,12,Spotify,3500
TR180,2025,01,Spotify,3650
TR180,2025,02,Spotify,3300
TR180,2025,03,Spotify,3450
TR180,2025,04,Spotify,3600
TR180,2025,05,Spotify,3550
TR180,2025,06,Spotify,3800
TR180,2025,07,Spotify,3900
TR180,2025,08,Spotify,3850
TR180,2025,09,Spotify,3650
TR180,2025,10,Spotify,3600
TR180,2025,11,Spotify,3750
TR181,2024,12,Spotify,1800
TR181,2025,01,Spotify,1900
TR181,2025,02,Spotify,1700
TR181,2025,03,Spotify,1850
TR181,2025,04,Spotify,2000
TR181,2025,05,Spotify,1900
TR181,2025,06,Spotify,2100
TR181,2025,07,Spotify,2200
TR181,2025,08,Spotify,2150
TR181,2025,09,Spotify,1950
TR181,2025,10,Spotify,1900
TR181,2025,11,Spotify,2050
TR182,2024,12,Spotify,1500
TR182,2025,01,Spotify,1550
TR182,2025,02,Spotify,1400
TR182,2025,03,Spotify,1450
TR182,2025,04,Spotify,1520
TR182,2025,05,Spotify,1480
TR182,2025,06,Spotify,1600
TR182,2025,07,Spotify,1650
TR182,2025,08,Spotify,1620
TR182,2025,09,Spotify,1580
TR182,2025,10,Spotify,1520
TR182,2025,11,Spotify,1650
TR183,2024,12,Spotify,3000
TR183,2025,01,Spotify,3150
TR183,2025,02,Spotify,2850
TR183,2025,03,Spotify,3050
TR183,2025,04,Spotify,3200
TR183,2025,05,Spotify,3080
TR183,2025,06,Spotify,3400
TR183,2025,07,Spotify,3500
TR183,2025,08,Spotify,3450
TR183,2025,09,Spotify,3250
TR183,2025,10,Spotify,3150
TR183,2025,11,Spotify,3300
TR184,2024,12,Spotify,2500
TR184,2025,01,Spotify,2600
TR184,2025,02,Spotify,2350
TR184,2025,03,Spotify,2450
TR184,2025,04,Spotify,2550
TR184,2025,05,Spotify,2480
TR184,2025,06,Spotify,2700
TR184,2025,07,Spotify,2750
TR184,2025,08,Spotify,2720
TR184,2025,09,Spotify,2600
TR184,2025,10,Spotify,2550
TR184,2025,11,Spotify,2650
TR185,2024,12,Spotify,3800
TR185,2025,01,Spotify,3950
TR185,2025,02,Spotify,3600
TR185,2025,03,Spotify,3750
TR185,2025,04,Spotify,3900
TR185,2025,05,Spotify,3850
TR185,2025,06,Spotify,4100
TR185,2025,07,Spotify,4200
TR185,2025,08,Spotify,4150
TR185,2025,09,Spotify,3950
TR185,2025,10,Spotify,3900
TR185,2025,11,Spotify,4050
TR186,2024,12,Spotify,3500
TR186,2025,01,Spotify,3650
TR186,2025,02,Spotify,3300
TR186,2025,03,Spotify,3450
TR186,2025,04,Spotify,3600
TR186,2025,05,Spotify,3550
TR186,2025,06,Spotify,3800
TR186,2025,07,Spotify,3900
TR186,2025,08,Spotify,3850
TR186,2025,09,Spotify,3650
TR186,2025,10,Spotify,3600
TR186,2025,11,Spotify,3750
TR187,2024,12,Spotify,1800
TR187,2025,01,Spotify,1900
TR187,2025,02,Spotify,1700
TR187,2025,03,Spotify,1850
TR187,2025,04,Spotify,2000
TR187,2025,05,Spotify,1900
TR187,2025,06,Spotify,2100
TR187,2025,07,Spotify,2200
TR187,2025,08,Spotify,2150
TR187,2025,09,Spotify,1950
TR187,2025,10,Spotify,1900
TR187,2025,11,Spotify,2050
TR188,2024,12,Spotify,1500
TR188,2025,01,Spotify,1550
TR188,2025,02,Spotify,1400
TR188,2025,03,Spotify,1450
TR188,2025,04,Spotify,1520
TR188,2025,05,Spotify,1480
TR188,2025,06,Spotify,1600
TR188,2025,07,Spotify,1650
TR188,2025,08,Spotify,1620
TR188,2025,09,Spotify,1580
TR188,2025,10,Spotify,1520
TR188,2025,11,Spotify,1650
TR189,2024,12,Spotify,3000
TR189,2025,01,Spotify,3150
TR189,2025,02,Spotify,2850
TR189,2025,03,Spotify,3050
TR189,2025,04,Spotify,3200
TR189,2025,05,Spotify,3080
TR189,2025,06,Spotify,3400
TR189,2025,07,Spotify,3500
TR189,2025,08,Spotify,3450
TR189,2025,09,Spotify,3250
TR189,2025,10,Spotify,3150
TR189,2025,11,Spotify,3300
TR190,2024,12,Spotify,2500
TR190,2025,01,Spotify,2600
TR190,2025,02,Spotify,2350
TR190,2025,03,Spotify,2450
TR190,2025,04,Spotify,2550
TR190,2025,05,Spotify,2480
TR190,2025,06,Spotify,2700
TR190,2025,07,Spotify,2750
TR190,2025,08,Spotify,2720
TR190,2025,09,Spotify,2600
TR190,2025,10,Spotify,2550
TR190,2025,11,Spotify,2650
TR191,2024,12,Spotify,3800
TR191,2025,01,Spotify,3950
TR191,2025,02,Spotify,3600
TR191,2025,03,Spotify,3750
TR191,2025,04,Spotify,3900
TR191,2025,05,Spotify,3850
TR191,2025,06,Spotify,4100
TR191,2025,07,Spotify,4200
TR191,2025,08,Spotify,4150
TR191,2025,09,Spotify,3950
TR191,2025,10,Spotify,3900
TR191,2025,11,Spotify,4050
TR192,2024,12,Spotify,30
TR192,2025,01,Spotify,33
TR192,2025,02,Spotify,28
TR192,2025,03,Spotify,31
TR192,2025,04,Spotify,34
TR192,2025,05,Spotify,32
TR192,2025,06,Spotify,37
TR192,2025,07,Spotify,40
TR192,2025,08,Spotify,38
TR192,2025,09,Spotify,35
TR192,2025,10,Spotify,33
TR192,2025,11,Spotify,36
TR193,2024,12,Spotify,25
TR193,2025,01,Spotify,27
TR193,2025,02,Spotify,22
TR193,2025,03,Spotify,24
TR193,2025,04,Spotify,26
TR193,2025,05,Spotify,25
TR193,2025,06,Spotify,28
TR193,2025,07,Spotify,30
TR193,2025,08,Spotify,29
TR193,2025,09,Spotify,27
TR193,2025,10,Spotify,26
TR193,2025,11,Spotify,28
TR194,2024,12,Spotify,40
TR194,2025,01,Spotify,43
TR194,2025,02,Spotify,38
TR194,2025,03,Spotify,41
TR194,2025,04,Spotify,44
TR194,2025,05,Spotify,42
TR194,2025,06,Spotify,47
TR194,2025,07,Spotify,50
TR194,2025,08,Spotify,48
TR194,2025,09,Spotify,45
TR194,2025,10,Spotify,43
TR194,2025,11,Spotify,46
TR195,2024,12,Spotify,30
TR195,2025,01,Spotify,33
TR195,2025,02,Spotify,28
TR195,2025,03,Spotify,31
TR195,2025,04,Spotify,34
TR195,2025,05,Spotify,32
TR195,2025,06,Spotify,37
TR195,2025,07,Spotify,40
TR195,2025,08,Spotify,38
TR195,2025,09,Spotify,35
TR195,2025,10,Spotify,33
TR195,2025,11,Spotify,36
TR196,2024,12,Spotify,1800
TR196,2025,01,Spotify,1900
TR196,2025,02,Spotify,1700
TR196,2025,03,Spotify,1850
TR196,2025,04,Spotify,2000
TR196,2025,05,Spotify,1900
TR196,2025,06,Spotify,2100
TR196,2025,07,Spotify,2200
TR196,2025,08,Spotify,2150
TR196,2025,09,Spotify,1950
TR196,2025,10,Spotify,1900
TR196,2025,11,Spotify,2050
TR197,2024,12,Spotify,1500
TR197,2025,01,Spotify,1550
TR197,2025,02,Spotify,1400
TR197,2025,03,Spotify,1450
TR197,2025,04,Spotify,1520
TR197,2025,05,Spotify,1480
TR197,2025,06,Spotify,1600
TR197,2025,07,Spotify,1650
TR197,2025,08,Spotify,1620
TR197,2025,09,Spotify,1580
TR197,2025,10,Spotify,1520
TR197,2025,11,Spotify,1650
TR198,2024,12,Spotify,3000
TR198,2025,01,Spotify,3150
TR198,2025,02,Spotify,2850
TR198,2025,03,Spotify,3050
TR198,2025,04,Spotify,3200
TR198,2025,05,Spotify,3080
TR198,2025,06,Spotify,3400
TR198,2025,07,Spotify,3500
TR198,2025,08,Spotify,3450
TR198,2025,09,Spotify,3250
TR198,2025,10,Spotify,3150
TR198,2025,11,Spotify,3300
TR199,2024,12,Spotify,2500
TR199,2025,01,Spotify,2600
TR199,2025,02,Spotify,2350
TR199,2025,03,Spotify,2450
TR199,2025,04,Spotify,2550
TR199,2025,05,Spotify,2480
TR199,2025,06,Spotify,2700
TR199,2025,07,Spotify,2750
TR199,2025,08,Spotify,2720
TR199,2025,09,Spotify,2600
TR199,2025,10,Spotify,2550
TR199,2025,11,Spotify,2650
TR200,2024,12,Spotify,3800
TR200,2025,01,Spotify,3950
TR200,2025,02,Spotify,3600
TR200,2025,03,Spotify,3750
TR200,2025,04,Spotify,3900
TR200,2025,05,Spotify,3850
TR200,2025,06,Spotify,4100
TR200,2025,07,Spotify,4200
TR200,2025,08,Spotify,4150
TR200,2025,09,Spotify,3950
TR200,2025,10,Spotify,3900
TR200,2025,11,Spotify,4050
TR201,2024,12,Spotify,5500
TR201,2025,01,Spotify,5700
TR201,2025,02,Spotify,5200
TR201,2025,03,Spotify,5400
TR201,2025,04,Spotify,5600
TR201,2025,05,Spotify,5450
TR201,2025,06,Spotify,5900
TR201,2025,07,Spotify,6100
TR201,2025,08,Spotify,6000
TR201,2025,09,Spotify,5600
TR201,2025,10,Spotify,5500
TR201,2025,11,Spotify,5800
TR202,2024,12,Spotify,4500
TR202,2025,01,Spotify,4700
TR202,2025,02,Spotify,4200
TR202,2025,03,Spotify,4400
TR202,2025,04,Spotify,4600
TR202,2025,05,Spotify,4550
TR202,2025,06,Spotify,4800
TR202,2025,07,Spotify,4900
TR202,2025,08,Spotify,4850
TR202,2025,09,Spotify,4600
TR202,2025,10,Spotify,4550
TR202,2025,11,Spotify,4750
TR203,2024,12,Spotify,3000
TR203,2025,01,Spotify,3150
TR203,2025,02,Spotify,2850
TR203,2025,03,Spotify,3050
TR203,2025,04,Spotify,3200
TR203,2025,05,Spotify,3080
TR203,2025,06,Spotify,3400
TR203,2025,07,Spotify,3500
TR203,2025,08,Spotify,3450
TR203,2025,09,Spotify,3250
TR203,2025,10,Spotify,3150
TR203,2025,11,Spotify,3300
TR204,2024,12,Spotify,2500
TR204,2025,01,Spotify,2600
TR204,2025,02,Spotify,2350
TR204,2025,03,Spotify,2450
TR204,2025,04,Spotify,2550
TR204,2025,05,Spotify,2480
TR204,2025,06,Spotify,2700
TR204,2025,07,Spotify,2750
TR204,2025,08,Spotify,2720
TR204,2025,09,Spotify,2600
TR204,2025,10,Spotify,2550
TR204,2025,11,Spotify,2650
TR205,2024,12,Spotify,3800
TR205,2025,01,Spotify,3950
TR205,2025,02,Spotify,3600
TR205,2025,03,Spotify,3750
TR205,2025,04,Spotify,3900
TR205,2025,05,Spotify,3850
TR205,2025,06,Spotify,4100
TR205,2025,07,Spotify,4200
TR205,2025,08,Spotify,4150
TR205,2025,09,Spotify,3950
TR205,2025,10,Spotify,3900
TR205,2025,11,Spotify,4050
TR206,2024,12,Spotify,800
TR206,2025,01,Spotify,820
TR206,2025,02,Spotify,760
TR206,2025,03,Spotify,790
TR206,2025,04,Spotify,810
TR206,2025,05,Spotify,780
TR206,2025,06,Spotify,850
TR206,2025,07,Spotify,880
TR206,2025,08,Spotify,860
TR206,2025,09,Spotify,820
TR206,2025,10,Spotify,800
TR206,2025,11,Spotify,840
TR207,2024,12,Spotify,200
TR207,2025,01,Spotify,210
TR207,2025,02,Spotify,180
TR207,2025,03,Spotify,190
TR207,2025,04,Spotify,205
TR207,2025,05,Spotify,195
TR207,2025,06,Spotify,220
TR207,2025,07,Spotify,230
TR207,2025,08,Spotify,225
TR207,2025,09,Spotify,205
TR207,2025,10,Spotify,200
TR207,2025,11,Spotify,215
TR208,2024,12,Spotify,150
TR208,2025,01,Spotify,155
TR208,2025,02,Spotify,135
TR208,2025,03,Spotify,145
TR208,2025,04,Spotify,152
TR208,2025,05,Spotify,148
TR208,2025,06,Spotify,160
TR208,2025,07,Spotify,165
TR208,2025,08,Spotify,162
TR208,2025,09,Spotify,158
TR208,2025,10,Spotify,152
TR208,2025,11,Spotify,165
TR209,2024,12,Spotify,3000
TR209,2025,01,Spotify,3150
TR209,2025,02,Spotify,2850
TR209,2025,03,Spotify,3050
TR209,2025,04,Spotify,3200
TR209,2025,05,Spotify,3080
TR209,2025,06,Spotify,3400
TR209,2025,07,Spotify,3500
TR209,2025,08,Spotify,3450
TR209,2025,09,Spotify,3250
TR209,2025,10,Spotify,3150
TR209,2025,11,Spotify,3300
TR210,2024,12,Spotify,2500
TR210,2025,01,Spotify,2600
TR210,2025,02,Spotify,2350
TR210,2025,03,Spotify,2450
TR210,2025,04,Spotify,2550
TR210,2025,05,Spotify,2480
TR210,2025,06,Spotify,2700
TR210,2025,07,Spotify,2750
TR210,2025,08,Spotify,2720
TR210,2025,09,Spotify,2600
TR210,2025,10,Spotify,2550
TR210,2025,11,Spotify,2650
TR211,2024,12,Spotify,10200
TR211,2025,01,Spotify,10500
TR211,2025,02,Spotify,9600
TR211,2025,03,Spotify,10000
TR211,2025,04,Spotify,10300
TR211,2025,05,Spotify,10100
TR211,2025,06,Spotify,10800
TR211,2025,07,Spotify,11000
TR211,2025,08,Spotify,10900
TR211,2025,09,Spotify,10400
TR211,2025,10,Spotify,10300
TR211,2025,11,Spotify,10600
TR212,2024,12,Spotify,9500
TR212,2025,01,Spotify,9800
TR212,2025,02,Spotify,9000
TR212,2025,03,Spotify,9300
TR212,2025,04,Spotify,9600
TR212,2025,05,Spotify,9450
TR212,2025,06,Spotify,10000
TR212,2025,07,Spotify,10200
TR212,2025,08,Spotify,10100
TR212,2025,09,Spotify,9700
TR212,2025,10,Spotify,9600
TR212,2025,11,Spotify,9900
TR213,2024,12,Spotify,3000
TR213,2025,01,Spotify,3150
TR213,2025,02,Spotify,2850
TR213,2025,03,Spotify,3050
TR213,2025,04,Spotify,3200
TR213,2025,05,Spotify,3080
TR213,2025,06,Spotify,3400
TR213,2025,07,Spotify,3500
TR213,2025,08,Spotify,3450
TR213,2025,09,Spotify,3250
TR213,2025,10,Spotify,3150
TR213,2025,11,Spotify,3300
TR214,2024,12,Spotify,2500
TR214,2025,01,Spotify,2600
TR214,2025,02,Spotify,2350
TR214,2025,03,Spotify,2450
TR214,2025,04,Spotify,2550
TR214,2025,05,Spotify,2480
TR214,2025,06,Spotify,2700
TR214,2025,07,Spotify,2750
TR214,2025,08,Spotify,2720
TR214,2025,09,Spotify,2600
TR214,2025,10,Spotify,2550
TR214,2025,11,Spotify,2650
TR215,2024,12,Spotify,3800
TR215,2025,01,Spotify,3950
TR215,2025,02,Spotify,3600
TR215,2025,03,Spotify,3750
TR215,2025,04,Spotify,3900
TR215,2025,05,Spotify,3850
TR215,2025,06,Spotify,4100
TR215,2025,07,Spotify,4200
TR215,2025,08,Spotify,4150
TR215,2025,09,Spotify,3950
TR215,2025,10,Spotify,3900
TR215,2025,11,Spotify,4050
TR216,2024,12,Spotify,3500
TR216,2025,01,Spotify,3650
TR216,2025,02,Spotify,3300
TR216,2025,03,Spotify,3450
TR216,2025,04,Spotify,3600
TR216,2025,05,Spotify,3550
TR216,2025,06,Spotify,3800
TR216,2025,07,Spotify,3900
TR216,2025,08,Spotify,3850
TR216,2025,09,Spotify,3650
TR216,2025,10,Spotify,3600
TR216,2025,11,Spotify,3750
TR217,2024,12,Spotify,1800
TR217,2025,01,Spotify,1900
TR217,2025,02,Spotify,1700
TR217,2025,03,Spotify,1850
TR217,2025,04,Spotify,2000
TR217,2025,05,Spotify,1900
TR217,2025,06,Spotify,2100
TR217,2025,07,Spotify,2200
TR217,2025,08,Spotify,2150
TR217,2025,09,Spotify,1950
TR217,2025,10,Spotify,1900
TR217,2025,11,Spotify,2050
TR218,2024,12,Spotify,1500
TR218,2025,01,Spotify,1550
TR218,2025,02,Spotify,1400
TR218,2025,03,Spotify,1450
TR218,2025,04,Spotify,1520
TR218,2025,05,Spotify,1480
TR218,2025,06,Spotify,1600
TR218,2025,07,Spotify,1650
TR218,2025,08,Spotify,1620
TR218,2025,09,Spotify,1580
TR218,2025,10,Spotify,1520
TR218,2025,11,Spotify,1650
TR219,2024,12,Spotify,3000
TR219,2025,01,Spotify,3150
TR219,2025,02,Spotify,2850
TR219,2025,03,Spotify,3050
TR219,2025,04,Spotify,3200
TR219,2025,05,Spotify,3080
TR219,2025,06,Spotify,3400
TR219,2025,07,Spotify,3500
TR219,2025,08,Spotify,3450
TR219,2025,09,Spotify,3250
TR219,2025,10,Spotify,3150
TR219,2025,11,Spotify,3300
TR220,2024,12,Spotify,2500
TR220,2025,01,Spotify,2600
TR220,2025,02,Spotify,2350
TR220,2025,03,Spotify,2450
TR220,2025,04,Spotify,2550
TR220,2025,05,Spotify,2480
TR220,2025,06,Spotify,2700
TR220,2025,07,Spotify,2750
TR220,2025,08,Spotify,2720
TR220,2025,09,Spotify,2600
TR220,2025,10,Spotify,2550
TR220,2025,11,Spotify,2650
TR221,2024,12,Spotify,3800
TR221,2025,01,Spotify,3950
TR221,2025,02,Spotify,3600
TR221,2025,03,Spotify,3750
TR221,2025,04,Spotify,3900
TR221,2025,05,Spotify,3850
TR221,2025,06,Spotify,4100
TR221,2025,07,Spotify,4200
TR221,2025,08,Spotify,4150
TR221,2025,09,Spotify,3950
TR221,2025,10,Spotify,3900
TR221,2025,11,Spotify,4050
TR222,2024,12,Spotify,3500
TR222,2025,01,Spotify,3650
TR222,2025,02,Spotify,3300
TR222,2025,03,Spotify,3450
TR222,2025,04,Spotify,3600
TR222,2025,05,Spotify,3550
TR222,2025,06,Spotify,3800
TR222,2025,07,Spotify,3900
TR222,2025,08,Spotify,3850
TR222,2025,09,Spotify,3650
TR222,2025,10,Spotify,3600
TR222,2025,11,Spotify,3750
TR223,2024,12,Spotify,1800
TR223,2025,01,Spotify,1900
TR223,2025,02,Spotify,1700
TR223,2025,03,Spotify,1850
TR223,2025,04,Spotify,2000
TR223,2025,05,Spotify,1900
TR223,2025,06,Spotify,2100
TR223,2025,07,Spotify,2200
TR223,2025,08,Spotify,2150
TR223,2025,09,Spotify,1950
TR223,2025,10,Spotify,1900
TR223,2025,11,Spotify,2050
TR224,2024,12,Spotify,1500
TR224,2025,01,Spotify,1550
TR224,2025,02,Spotify,1400
TR224,2025,03,Spotify,1450
TR224,2025,04,Spotify,1520
TR224,2025,05,Spotify,1480
TR224,2025,06,Spotify,1600
TR224,2025,07,Spotify,1650
TR224,2025,08,Spotify,1620
TR224,2025,09,Spotify,1580
TR224,2025,10,Spotify,1520
TR224,2025,11,Spotify,1650
TR225,2024,12,Spotify,3000
TR225,2025,01,Spotify,3150
TR225,2025,02,Spotify,2850
TR225,2025,03,Spotify,3050
TR225,2025,04,Spotify,3200
TR225,2025,05,Spotify,3080
TR225,2025,06,Spotify,3400
TR225,2025,07,Spotify,3500
TR225,2025,08,Spotify,3450
TR225,2025,09,Spotify,3250
TR225,2025,10,Spotify,3150
TR225,2025,11,Spotify,3300
TR226,2024,12,Spotify,2500
TR226,2025,01,Spotify,2600
TR226,2025,02,Spotify,2350
TR226,2025,03,Spotify,2450
TR226,2025,04,Spotify,2550
TR226,2025,05,Spotify,2480
TR226,2025,06,Spotify,2700
TR226,2025,07,Spotify,2750
TR226,2025,08,Spotify,2720
TR226,2025,09,Spotify,2600
TR226,2025,10,Spotify,2550
TR226,2025,11,Spotify,2650
TR227,2024,12,Spotify,3800
TR227,2025,01,Spotify,3950
TR227,2025,02,Spotify,3600
TR227,2025,03,Spotify,3750
TR227,2025,04,Spotify,3900
TR227,2025,05,Spotify,3850
TR227,2025,06,Spotify,4100
TR227,2025,07,Spotify,4200
TR227,2025,08,Spotify,4150
TR227,2025,09,Spotify,3950
TR227,2025,10,Spotify,3900
TR227,2025,11,Spotify,4050
TR228,2024,12,Spotify,3500
TR228,2025,01,Spotify,3650
TR228,2025,02,Spotify,3300
TR228,2025,03,Spotify,3450
TR228,2025,04,Spotify,3600
TR228,2025,05,Spotify,3550
TR228,2025,06,Spotify,3800
TR228,2025,07,Spotify,3900
TR228,2025,08,Spotify,3850
TR228,2025,09,Spotify,3650
TR228,2025,10,Spotify,3600
TR228,2025,11,Spotify,3750
TR229,2024,12,Spotify,1800
TR229,2025,01,Spotify,1900
TR229,2025,02,Spotify,1700
TR229,2025,03,Spotify,1850
TR229,2025,04,Spotify,2000
TR229,2025,05,Spotify,1900
TR229,2025,06,Spotify,2100
TR229,2025,07,Spotify,2200
TR229,2025,08,Spotify,2150
TR229,2025,09,Spotify,1950
TR229,2025,10,Spotify,1900
TR229,2025,11,Spotify,2050
TR230,2024,12,Spotify,1500
TR230,2025,01,Spotify,1550
TR230,2025,02,Spotify,1400
TR230,2025,03,Spotify,1450
TR230,2025,04,Spotify,1520
TR230,2025,05,Spotify,1480
TR230,2025,06,Spotify,1600
TR230,2025,07,Spotify,1650
TR230,2025,08,Spotify,1620
TR230,2025,09,Spotify,1580
TR230,2025,10,Spotify,1520
TR230,2025,11,Spotify,1650
TR231,2024,12,Spotify,3000
TR231,2025,01,Spotify,3150
TR231,2025,02,Spotify,2850
TR231,2025,03,Spotify,3050
TR231,2025,04,Spotify,3200
TR231,2025,05,Spotify,3080
TR231,2025,06,Spotify,3400
TR231,2025,07,Spotify,3500
TR231,2025,08,Spotify,3450
TR231,2025,09,Spotify,3250
TR231,2025,10,Spotify,3150
TR231,2025,11,Spotify,3300
TR232,2024,12,Spotify,2500
TR232,2025,01,Spotify,2600
TR232,2025,02,Spotify,2350
TR232,2025,03,Spotify,2450
TR232,2025,04,Spotify,2550
TR232,2025,05,Spotify,2480
TR232,2025,06,Spotify,2700
TR232,2025,07,Spotify,2750
TR232,2025,08,Spotify,2720
TR232,2025,09,Spotify,2600
TR232,2025,10,Spotify,2550
TR232,2025,11,Spotify,2650
TR233,2024,12,Spotify,3800
TR233,2025,01,Spotify,3950
TR233,2025,02,Spotify,3600
TR233,2025,03,Spotify,3750
TR233,2025,04,Spotify,3900
TR233,2025,05,Spotify,3850
TR233,2025,06,Spotify,4100
TR233,2025,07,Spotify,4200
TR233,2025,08,Spotify,4150
TR233,2025,09,Spotify,3950
TR233,2025,10,Spotify,3900
TR233,2025,11,Spotify,4050
TR234,2024,12,Spotify,3500
TR234,2025,01,Spotify,3650
TR234,2025,02,Spotify,3300
TR234,2025,03,Spotify,3450
TR234,2025,04,Spotify,3600
TR234,2025,05,Spotify,3550
TR234,2025,06,Spotify,3800
TR234,2025,07,Spotify,3900
TR234,2025,08,Spotify,3850
TR234,2025,09,Spotify,3650
TR234,2025,10,Spotify,3600
TR234,2025,11,Spotify,3750
TR235,2024,12,Spotify,1800
TR235,2025,01,Spotify,1900
TR235,2025,02,Spotify,1700
TR235,2025,03,Spotify,1850
TR235,2025,04,Spotify,2000
TR235,2025,05,Spotify,1900
TR235,2025,06,Spotify,2100
TR235,2025,07,Spotify,2200
TR235,2025,08,Spotify,2150
TR235,2025,09,Spotify,1950
TR235,2025,10,Spotify,1900
TR235,2025,11,Spotify,2050
TR236,2024,12,Spotify,1500
TR236,2025,01,Spotify,1550
TR236,2025,02,Spotify,1400
TR236,2025,03,Spotify,1450
TR236,2025,04,Spotify,1520
TR236,2025,05,Spotify,1480
TR236,2025,06,Spotify,1600
TR236,2025,07,Spotify,1650
TR236,2025,08,Spotify,1620
TR236,2025,09,Spotify,1580
TR236,2025,10,Spotify,1520
TR236,2025,11,Spotify,1650
TR237,2024,12,Spotify,3000
TR237,2025,01,Spotify,3150
TR237,2025,02,Spotify,2850
TR237,2025,03,Spotify,3050
TR237,2025,04,Spotify,3200
TR237,2025,05,Spotify,3080
TR237,2025,06,Spotify,3400
TR237,2025,07,Spotify,3500
TR237,2025,08,Spotify,3450
TR237,2025,09,Spotify,3250
TR237,2025,10,Spotify,3150
TR237,2025,11,Spotify,3300
TR238,2024,12,Spotify,2500
TR238,2025,01,Spotify,2600
TR238,2025,02,Spotify,2350
TR238,2025,03,Spotify,2450
TR238,2025,04,Spotify,2550
TR238,2025,05,Spotify,2480
TR238,2025,06,Spotify,2700
TR238,2025,07,Spotify,2750
TR238,2025,08,Spotify,2720
TR238,2025,09,Spotify,2600
TR238,2025,10,Spotify,2550
TR238,2025,11,Spotify,2650
TR239,2024,12,Spotify,3800
TR239,2025,01,Spotify,3950
TR239,2025,02,Spotify,3600
TR239,2025,03,Spotify,3750
TR239,2025,04,Spotify,3900
TR239,2025,05,Spotify,3850
TR239,2025,06,Spotify,4100
TR239,2025,07,Spotify,4200
TR239,2025,08,Spotify,4150
TR239,2025,09,Spotify,3950
TR239,2025,10,Spotify,3900
TR239,2025,11,Spotify,4050
TR240,2024,12,Spotify,3500
TR240,2025,01,Spotify,3650
TR240,2025,02,Spotify,3300
TR240,2025,03,Spotify,3450
TR240,2025,04,Spotify,3600
TR240,2025,05,Spotify,3550
TR240,2025,06,Spotify,3800
TR240,2025,07,Spotify,3900
TR240,2025,08,Spotify,3850
TR240,2025,09,Spotify,3650
TR240,2025,10,Spotify,3600
TR240,2025,11,Spotify,3750
TR241,2024,12,Spotify,1800
TR241,2025,01,Spotify,1900
TR241,2025,02,Spotify,1700
TR241,2025,03,Spotify,1850
TR241,2025,04,Spotify,2000
TR241,2025,05,Spotify,1900
TR241,2025,06,Spotify,2100
TR241,2025,07,Spotify,2200
TR241,2025,08,Spotify,2150
TR241,2025,09,Spotify,1950
TR241,2025,10,Spotify,1900
TR241,2025,11,Spotify,2050
TR242,2024,12,Spotify,1500
TR242,2025,01,Spotify,1550
TR242,2025,02,Spotify,1400
TR242,2025,03,Spotify,1450
TR242,2025,04,Spotify,1520
TR242,2025,05,Spotify,1480
TR242,2025,06,Spotify,1600
TR242,2025,07,Spotify,1650
TR242,2025,08,Spotify,1620
TR242,2025,09,Spotify,1580
TR242,2025,10,Spotify,1520
TR242,2025,11,Spotify,1650
TR243,2024,12,Spotify,3000
TR243,2025,01,Spotify,3150
TR243,2025,02,Spotify,2850
TR243,2025,03,Spotify,3050
TR243,2025,04,Spotify,3200
TR243,2025,05,Spotify,3080
TR243,2025,06,Spotify,3400
TR243,2025,07,Spotify,3500
TR243,2025,08,Spotify,3450
TR243,2025,09,Spotify,3250
TR243,2025,10,Spotify,3150
TR243,2025,11,Spotify,3300
TR244,2024,12,Spotify,11000
TR244,2025,01,Spotify,11500
TR244,2025,02,Spotify,10500
TR244,2025,03,Spotify,11000
TR244,2025,04,Spotify,11500
TR244,2025,05,Spotify,11200
TR244,2025,06,Spotify,12000
TR244,2025,07,Spotify,12500
TR244,2025,08,Spotify,12200
TR244,2025,09,Spotify,11500
TR244,2025,10,Spotify,11300
TR244,2025,11,Spotify,11800
TR245,2024,12,Spotify,3800
TR245,2025,01,Spotify,3950
TR245,2025,02,Spotify,3600
TR245,2025,03,Spotify,3750
TR245,2025,04,Spotify,3900
TR245,2025,05,Spotify,3850
TR245,2025,06,Spotify,4100
TR245,2025,07,Spotify,4200
TR245,2025,08,Spotify,4150
TR245,2025,09,Spotify,3950
TR245,2025,10,Spotify,3900
TR245,2025,11,Spotify,4050
TR246,2024,12,Spotify,3500
TR246,2025,01,Spotify,3650
TR246,2025,02,Spotify,3300
TR246,2025,03,Spotify,3450
TR246,2025,04,Spotify,3600
TR246,2025,05,Spotify,3550
TR246,2025,06,Spotify,3800
TR246,2025,07,Spotify,3900
TR246,2025,08,Spotify,3850
TR246,2025,09,Spotify,3650
TR246,2025,10,Spotify,3600
TR246,2025,11,Spotify,3750
TR247,2024,12,Spotify,1800
TR247,2025,01,Spotify,1900
TR247,2025,02,Spotify,1700
TR247,2025,03,Spotify,1850
TR247,2025,04,Spotify,2000
TR247,2025,05,Spotify,1900
TR247,2025,06,Spotify,2100
TR247,2025,07,Spotify,2200
TR247,2025,08,Spotify,2150
TR247,2025,09,Spotify,1950
TR247,2025,10,Spotify,1900
TR247,2025,11,Spotify,2050
TR248,2024,12,Spotify,1500
TR248,2025,01,Spotify,1550
TR248,2025,02,Spotify,1400
TR248,2025,03,Spotify,1450
TR248,2025,04,Spotify,1520
TR248,2025,05,Spotify,1480
TR248,2025,06,Spotify,1600
TR248,2025,07,Spotify,1650
TR248,2025,08,Spotify,1620
TR248,2025,09,Spotify,1580
TR248,2025,10,Spotify,1520
TR248,2025,11,Spotify,1650
TR249,2024,12,Spotify,3000
TR249,2025,01,Spotify,3150
TR249,2025,02,Spotify,2850
TR249,2025,03,Spotify,3050
TR249,2025,04,Spotify,3200
TR249,2025,05,Spotify,3080
TR249,2025,06,Spotify,3400
TR249,2025,07,Spotify,3500
TR249,2025,08,Spotify,3450
TR249,2025,09,Spotify,3250
TR249,2025,10,Spotify,3150
TR249,2025,11,Spotify,3300
TR250,2024,12,Spotify,2500
TR250,2025,01,Spotify,2600
TR250,2025,02,Spotify,2350
TR250,2025,03,Spotify,2450
TR250,2025,04,Spotify,2550
TR250,2025,05,Spotify,2480
TR250,2025,06,Spotify,2700
TR250,2025,07,Spotify,2750
TR250,2025,08,Spotify,2720
TR250,2025,09,Spotify,2600
TR250,2025,10,Spotify,2550
TR250,2025,11,Spotify,2650
TR251,2024,12,Spotify,3800
TR251,2025,01,Spotify,3950
TR251,2025,02,Spotify,3600
TR251,2025,03,Spotify,3750
TR251,2025,04,Spotify,3900
TR251,2025,05,Spotify,3850
TR251,2025,06,Spotify,4100
TR251,2025,07,Spotify,4200
TR251,2025,08,Spotify,4150
TR251,2025,09,Spotify,3950
TR251,2025,10,Spotify,3900
TR251,2025,11,Spotify,4050
TR252,2024,12,Spotify,3500
TR252,2025,01,Spotify,3650
TR252,2025,02,Spotify,3300
TR252,2025,03,Spotify,3450
TR252,2025,04,Spotify,3600
TR252,2025,05,Spotify,3550
TR252,2025,06,Spotify,3800
TR252,2025,07,Spotify,3900
TR252,2025,08,Spotify,3850
TR252,2025,09,Spotify,3650
TR252,2025,10,Spotify,3600
TR252,2025,11,Spotify,3750
TR253,2024,12,Spotify,1800
TR253,2025,01,Spotify,1900
TR253,2025,02,Spotify,1700
TR253,2025,03,Spotify,1850
TR253,2025,04,Spotify,2000
TR253,2025,05,Spotify,1900
TR253,2025,06,Spotify,2100
TR253,2025,07,Spotify,2200
TR253,2025,08,Spotify,2150
TR253,2025,09,Spotify,1950
TR253,2025,10,Spotify,1900
TR253,2025,11,Spotify,2050
TR254,2024,12,Spotify,1500
TR254,2025,01,Spotify,1550
TR254,2025,02,Spotify,1400
TR254,2025,03,Spotify,1450
TR254,2025,04,Spotify,1520
TR254,2025,05,Spotify,1480
TR254,2025,06,Spotify,1600
TR254,2025,07,Spotify,1650
TR254,2025,08,Spotify,1620
TR254,2025,09,Spotify,1580
TR254,2025,10,Spotify,1520
TR254,2025,11,Spotify,1650
TR255,2024,12,Spotify,3000
TR255,2025,01,Spotify,3150
TR255,2025,02,Spotify,2850
TR255,2025,03,Spotify,3050
TR255,2025,04,Spotify,3200
TR255,2025,05,Spotify,3080
TR255,2025,06,Spotify,3400
TR255,2025,07,Spotify,3500
TR255,2025,08,Spotify,3450
TR255,2025,09,Spotify,3250
TR255,2025,10,Spotify,3150
TR255,2025,11,Spotify,3300
TR256,2024,12,Spotify,2500
TR256,2025,01,Spotify,2600
TR256,2025,02,Spotify,2350
TR256,2025,03,Spotify,2450
TR256,2025,04,Spotify,2550
TR256,2025,05,Spotify,2480
TR256,2025,06,Spotify,2700
TR256,2025,07,Spotify,2750
TR256,2025,08,Spotify,2720
TR256,2025,09,Spotify,2600
TR256,2025,10,Spotify,2550
TR256,2025,11,Spotify,2650
TR257,2024,12,Spotify,3800
TR257,2025,01,Spotify,3950
TR257,2025,02,Spotify,3600
TR257,2025,03,Spotify,3750
TR257,2025,04,Spotify,3900
TR257,2025,05,Spotify,3850
TR257,2025,06,Spotify,4100
TR257,2025,07,Spotify,4200
TR257,2025,08,Spotify,4150
TR257,2025,09,Spotify,3950
TR257,2025,10,Spotify,3900
TR257,2025,11,Spotify,4050
TR258,2024,12,Spotify,3500
TR258,2025,01,Spotify,3650
TR258,2025,02,Spotify,3300
TR258,2025,03,Spotify,3450
TR258,2025,04,Spotify,3600
TR258,2025,05,Spotify,3550
TR258,2025,06,Spotify,3800
TR258,2025,07,Spotify,3900
TR258,2025,08,Spotify,3850
TR258,2025,09,Spotify,3650
TR258,2025,10,Spotify,3600
TR258,2025,11,Spotify,3750
TR259,2024,12,Spotify,1800
TR259,2025,01,Spotify,1900
TR259,2025,02,Spotify,1700
TR259,2025,03,Spotify,1850
TR259,2025,04,Spotify,2000
TR259,2025,05,Spotify,1900
TR259,2025,06,Spotify,2100
TR259,2025,07,Spotify,2200
TR259,2025,08,Spotify,2150
TR259,2025,09,Spotify,1950
TR259,2025,10,Spotify,1900
TR259,2025,11,Spotify,2050
TR260,2024,12,Spotify,1500
TR260,2025,01,Spotify,1550
TR260,2025,02,Spotify,1400
TR260,2025,03,Spotify,1450
TR260,2025,04,Spotify,1520
TR260,2025,05,Spotify,1480
TR260,2025,06,Spotify,1600
TR260,2025,07,Spotify,1650
TR260,2025,08,Spotify,1620
TR260,2025,09,Spotify,1580
TR260,2025,10,Spotify,1520
TR260,2025,11,Spotify,1650
TR261,2024,12,Spotify,3000
TR261,2025,01,Spotify,3150
TR261,2025,02,Spotify,2850
TR261,2025,03,Spotify,3050
TR261,2025,04,Spotify,3200
TR261,2025,05,Spotify,3080
TR261,2025,06,Spotify,3400
TR261,2025,07,Spotify,3500
TR261,2025,08,Spotify,3450
TR261,2025,09,Spotify,3250
TR261,2025,10,Spotify,3150
TR261,2025,11,Spotify,3300
TR262,2024,12,Spotify,2500
TR262,2025,01,Spotify,2600
TR262,2025,02,Spotify,2350
TR262,2025,03,Spotify,2450
TR262,2025,04,Spotify,2550
TR262,2025,05,Spotify,2480
TR262,2025,06,Spotify,2700
TR262,2025,07,Spotify,2750
TR262,2025,08,Spotify,2720
TR262,2025,09,Spotify,2600
TR262,2025,10,Spotify,2550
TR262,2025,11,Spotify,2650
TR263,2024,12,Spotify,3800
TR263,2025,01,Spotify,3950
TR263,2025,02,Spotify,3600
TR263,2025,03,Spotify,3750
TR263,2025,04,Spotify,3900
TR263,2025,05,Spotify,3850
TR263,2025,06,Spotify,4100
TR263,2025,07,Spotify,4200
TR263,2025,08,Spotify,4150
TR263,2025,09,Spotify,3950
TR263,2025,10,Spotify,3900
TR263,2025,11,Spotify,4050
TR264,2024,12,Spotify,3500
TR264,2025,01,Spotify,3650
TR264,2025,02,Spotify,3300
TR264,2025,03,Spotify,3450
TR264,2025,04,Spotify,3600
TR264,2025,05,Spotify,3550
TR264,2025,06,Spotify,3800
TR264,2025,07,Spotify,3900
TR264,2025,08,Spotify,3850
TR264,2025,09,Spotify,3650
TR264,2025,10,Spotify,3600
TR264,2025,11,Spotify,3750
TR265,2024,12,Spotify,1800
TR265,2025,01,Spotify,1900
TR265,2025,02,Spotify,1700
TR265,2025,03,Spotify,1850
TR265,2025,04,Spotify,2000
TR265,2025,05,Spotify,1900
TR265,2025,06,Spotify,2100
TR265,2025,07,Spotify,2200
TR265,2025,08,Spotify,2150
TR265,2025,09,Spotify,1950
TR265,2025,10,Spotify,1900
TR265,2025,11,Spotify,2050
TR266,2024,12,Spotify,1500
TR266,2025,01,Spotify,1550
TR266,2025,02,Spotify,1400
TR266,2025,03,Spotify,1450
TR266,2025,04,Spotify,1520
TR266,2025,05,Spotify,1480
TR266,2025,06,Spotify,1600
TR266,2025,07,Spotify,1650
TR266,2025,08,Spotify,1620
TR266,2025,09,Spotify,1580
TR266,2025,10,Spotify,1520
TR266,2025,11,Spotify,1650
TR267,2024,12,Spotify,3000
TR267,2025,01,Spotify,3150
TR267,2025,02,Spotify,2850
TR267,2025,03,Spotify,3050
TR267,2025,04,Spotify,3200
TR267,2025,05,Spotify,3080
TR267,2025,06,Spotify,3400
TR267,2025,07,Spotify,3500
TR267,2025,08,Spotify,3450
TR267,2025,09,Spotify,3250
TR267,2025,10,Spotify,3150
TR267,2025,11,Spotify,3300
TR268,2024,12,Spotify,2500
TR268,2025,01,Spotify,2600
TR268,2025,02,Spotify,2350
TR268,2025,03,Spotify,2450
TR268,2025,04,Spotify,2550
TR268,2025,05,Spotify,2480
TR268,2025,06,Spotify,2700
TR268,2025,07,Spotify,2750
TR268,2025,08,Spotify,2720
TR268,2025,09,Spotify,2600
TR268,2025,10,Spotify,2550
TR268,2025,11,Spotify,2650
TR269,2024,12,Spotify,3800
TR269,2025,01,Spotify,3950
TR269,2025,02,Spotify,3600
TR269,2025,03,Spotify,3750
TR269,2025,04,Spotify,3900
TR269,2025,05,Spotify,3850
TR269,2025,06,Spotify,4100
TR269,2025,07,Spotify,4200
TR269,2025,08,Spotify,4150
TR269,2025,09,Spotify,3950
TR269,2025,10,Spotify,3900
TR269,2025,11,Spotify,4050
TR270,2024,12,Spotify,3500
TR270,2025,01,Spotify,3650
TR270,2025,02,Spotify,3300
TR270,2025,03,Spotify,3450
TR270,2025,04,Spotify,3600
TR270,2025,05,Spotify,3550
TR270,2025,06,Spotify,3800
TR270,2025,07,Spotify,3900
TR270,2025,08,Spotify,3850
TR270,2025,09,Spotify,3650
TR270,2025,10,Spotify,3600
TR270,2025,11,Spotify,3750
TR271,2024,12,Spotify,1800
TR271,2025,01,Spotify,1900
TR271,2025,02,Spotify,1700
TR271,2025,03,Spotify,1850
TR271,2025,04,Spotify,2000
TR271,2025,05,Spotify,1900
TR271,2025,06,Spotify,2100
TR271,2025,07,Spotify,2200
TR271,2025,08,Spotify,2150
TR271,2025,09,Spotify,1950
TR271,2025,10,Spotify,1900
TR271,2025,11,Spotify,2050
TR272,2024,12,Spotify,1500
TR272,2025,01,Spotify,1550
TR272,2025,02,Spotify,1400
TR272,2025,03,Spotify,1450
TR272,2025,04,Spotify,1520
TR272,2025,05,Spotify,1480
TR272,2025,06,Spotify,1600
TR272,2025,07,Spotify,1650
TR272,2025,08,Spotify,1620
TR272,2025,09,Spotify,1580
TR272,2025,10,Spotify,1520
TR272,2025,11,Spotify,1650
TR273,2024,12,Spotify,3000
TR273,2025,01,Spotify,3150
TR273,2025,02,Spotify,2850
TR273,2025,03,Spotify,3050
TR273,2025,04,Spotify,3200
TR273,2025,05,Spotify,3080
TR273,2025,06,Spotify,3400
TR273,2025,07,Spotify,3500
TR273,2025,08,Spotify,3450
TR273,2025,09,Spotify,3250
TR273,2025,10,Spotify,3150
TR273,2025,11,Spotify,3300
TR274,2024,12,Spotify,2500
TR274,2025,01,Spotify,2600
TR274,2025,02,Spotify,2350
TR274,2025,03,Spotify,2450
TR274,2025,04,Spotify,2550
TR274,2025,05,Spotify,2480
TR274,2025,06,Spotify,2700
TR274,2025,07,Spotify,2750
TR274,2025,08,Spotify,2720
TR274,2025,09,Spotify,2600
TR274,2025,10,Spotify,2550
TR274,2025,11,Spotify,2650
TR275,2024,12,Spotify,3800
TR275,2025,01,Spotify,3950
TR275,2025,02,Spotify,3600
TR275,2025,03,Spotify,3750
TR275,2025,04,Spotify,3900
TR275,2025,05,Spotify,3850
TR275,2025,06,Spotify,4100
TR275,2025,07,Spotify,4200
TR275,2025,08,Spotify,4150
TR275,2025,09,Spotify,3950
TR275,2025,10,Spotify,3900
TR275,2025,11,Spotify,4050
TR276,2024,12,Spotify,3500
TR276,2025,01,Spotify,3650
TR276,2025,02,Spotify,3300
TR276,2025,03,Spotify,3450
TR276,2025,04,Spotify,3600
TR276,2025,05,Spotify,3550
